Messstelle:                ;Jauken
HZB-Nummer:                ;110791
HD-Nummer:                 ;HD2002468
DBMS-Nummer:               ;2002468
Sachgebiet:                ;NLV
Dienststelle:              ;HD-Kärnten
Messstellenbetreiber:      ;Hydrographischer Dienst
Höhe:
 gültig seit:              ;Höhe [m ü.A.]:
  01.03.2006               ;925
Geographische Koordinaten (Referenzellipsoid: Bessel 1841):
 gültig seit:              ;Länge (Grad,Min,Sek):    ;Breite  (Grad,Min,Sek):
  01.03.2006               ;13 02 08                 ;46 40 28
Exportzeitreihe:           ;Schneehöhe,I,,T,1,O,Z,0,,,
Exportqualität:            ;MAXQUAL (2)
Exportzeitraum:            ;01.09.1970 07:00; bis ;01.09.2015 07:00
Hinweis:                   ;Der Intervallwert gilt bis zum nächsten Zeitpunkt mit einem Wert oder Lücke
Hinweis:                   ;Messwert=0.001 - Messwert kleiner als 0.5cm
Werteformat:               ;0 Nachkommastellen
Einheit:                   ;cm
Werte:
01.10.2006 07:00:00   ;     0
02.10.2006 07:00:00   ;     0
03.10.2006 07:00:00   ;     0
04.10.2006 07:00:00   ;     0
05.10.2006 07:00:00   ;     0
06.10.2006 07:00:00   ;     0
07.10.2006 07:00:00   ;     0
08.10.2006 07:00:00   ;     0
09.10.2006 07:00:00   ;     0
10.10.2006 07:00:00   ;     0
11.10.2006 07:00:00   ;     0
12.10.2006 07:00:00   ;     0
13.10.2006 07:00:00   ;     0
14.10.2006 07:00:00   ;     0
15.10.2006 07:00:00   ;     0
16.10.2006 07:00:00   ;     0
17.10.2006 07:00:00   ;     0
18.10.2006 07:00:00   ;     0
19.10.2006 07:00:00   ;     0
20.10.2006 07:00:00   ;     0
21.10.2006 07:00:00   ;     0
22.10.2006 07:00:00   ;     0
23.10.2006 07:00:00   ;     0
24.10.2006 07:00:00   ;     0
25.10.2006 07:00:00   ;     0
26.10.2006 07:00:00   ;     0
27.10.2006 07:00:00   ;     0
28.10.2006 07:00:00   ;     0
29.10.2006 07:00:00   ;     0
30.10.2006 07:00:00   ;     0
31.10.2006 07:00:00   ;     0
01.11.2006 07:00:00   ;     0
02.11.2006 07:00:00   ;     0
03.11.2006 07:00:00   ;     0
04.11.2006 07:00:00   ;     0
05.11.2006 07:00:00   ;     0
06.11.2006 07:00:00   ;     0
07.11.2006 07:00:00   ;     0
08.11.2006 07:00:00   ;     0
09.11.2006 07:00:00   ;     0
10.11.2006 07:00:00   ;     0
11.11.2006 07:00:00   ;     0
12.11.2006 07:00:00   ;     0
13.11.2006 07:00:00   ;     0
14.11.2006 07:00:00   ;     0
15.11.2006 07:00:00   ;     0
16.11.2006 07:00:00   ;     0
17.11.2006 07:00:00   ;     0
18.11.2006 07:00:00   ;     0
19.11.2006 07:00:00   ;     0
20.11.2006 07:00:00   ;     0
21.11.2006 07:00:00   ;     0
22.11.2006 07:00:00   ;     0
23.11.2006 07:00:00   ;     0
24.11.2006 07:00:00   ;     0
25.11.2006 07:00:00   ;     0
26.11.2006 07:00:00   ;     0
27.11.2006 07:00:00   ;     0
28.11.2006 07:00:00   ;     0
29.11.2006 07:00:00   ;     0
30.11.2006 07:00:00   ;     0
01.12.2006 07:00:00   ;     0
02.12.2006 07:00:00   ;     0
03.12.2006 07:00:00   ;     0
04.12.2006 07:00:00   ;     0
05.12.2006 07:00:00   ;     0
06.12.2006 07:00:00   ;     0
07.12.2006 07:00:00   ;     0
08.12.2006 07:00:00   ;     0
09.12.2006 07:00:00   ;     0
10.12.2006 07:00:00   ;     0
11.12.2006 07:00:00   ;     0
12.12.2006 07:00:00   ;     0
13.12.2006 07:00:00   ;     0
14.12.2006 07:00:00   ;     0
15.12.2006 07:00:00   ;     0
16.12.2006 07:00:00   ;     0
17.12.2006 07:00:00   ;     0
18.12.2006 07:00:00   ;     0
19.12.2006 07:00:00   ;     0
20.12.2006 07:00:00   ;     0
21.12.2006 07:00:00   ;     0
22.12.2006 07:00:00   ;     0
23.12.2006 07:00:00   ;     0
24.12.2006 07:00:00   ;     0
25.12.2006 07:00:00   ;     0
26.12.2006 07:00:00   ;     0
27.12.2006 07:00:00   ;     0
28.12.2006 07:00:00   ;     0
29.12.2006 07:00:00   ;     0
30.12.2006 07:00:00   ;     0
31.12.2006 07:00:00   ;     0
01.01.2007 07:00:00   ;     0
02.01.2007 07:00:00   ;     0
03.01.2007 07:00:00   ;     0
04.01.2007 07:00:00   ;     0
05.01.2007 07:00:00   ;     0
06.01.2007 07:00:00   ;     0
07.01.2007 07:00:00   ;     0
08.01.2007 07:00:00   ;     0
09.01.2007 07:00:00   ;     0
10.01.2007 07:00:00   ;     0
11.01.2007 07:00:00   ;     0
12.01.2007 07:00:00   ;     0
13.01.2007 07:00:00   ;     0
14.01.2007 07:00:00   ;     0
15.01.2007 07:00:00   ;     0
16.01.2007 07:00:00   ;     0
17.01.2007 07:00:00   ;     0
18.01.2007 07:00:00   ;     0
19.01.2007 07:00:00   ;     0
20.01.2007 07:00:00   ;     0
21.01.2007 07:00:00   ;     0
22.01.2007 07:00:00   ;     0
23.01.2007 07:00:00   ;    27
24.01.2007 07:00:00   ;    96
25.01.2007 07:00:00   ;   110
26.01.2007 07:00:00   ;   111
27.01.2007 07:00:00   ;   103
28.01.2007 07:00:00   ;    97
29.01.2007 07:00:00   ;    91
30.01.2007 07:00:00   ;    87
31.01.2007 07:00:00   ;    82
01.02.2007 07:00:00   ;    78
02.02.2007 07:00:00   ;    76
03.02.2007 07:00:00   ;    71
04.02.2007 07:00:00   ;    66
05.02.2007 07:00:00   ;    64
06.02.2007 07:00:00   ;    63
07.02.2007 07:00:00   ;    62
08.02.2007 07:00:00   ;    61
09.02.2007 07:00:00   ;    59
10.02.2007 07:00:00   ;    57
11.02.2007 07:00:00   ;    55
12.02.2007 07:00:00   ;    54
13.02.2007 07:00:00   ;    59
14.02.2007 07:00:00   ;    55
15.02.2007 07:00:00   ;    53
16.02.2007 07:00:00   ;    50
17.02.2007 07:00:00   ;    47
18.02.2007 07:00:00   ;    46
19.02.2007 07:00:00   ;    46
20.02.2007 07:00:00   ;    45
21.02.2007 07:00:00   ;    44
22.02.2007 07:00:00   ;    42
23.02.2007 07:00:00   ;    39
24.02.2007 07:00:00   ;    37
25.02.2007 07:00:00   ;    35
26.02.2007 07:00:00   ;    37
27.02.2007 07:00:00   ;    36
28.02.2007 07:00:00   ;    34
01.03.2007 07:00:00   ;    32
02.03.2007 07:00:00   ;    30
03.03.2007 07:00:00   ;    27
04.03.2007 07:00:00   ;    24
05.03.2007 07:00:00   ;    23
06.03.2007 07:00:00   ;    21
07.03.2007 07:00:00   ;    17
08.03.2007 07:00:00   ;     9
09.03.2007 07:00:00   ;     6
10.03.2007 07:00:00   ;     3
11.03.2007 07:00:00   ;     0
12.03.2007 07:00:00   ;     0
13.03.2007 07:00:00   ;     0
14.03.2007 07:00:00   ;     0
15.03.2007 07:00:00   ;     0
16.03.2007 07:00:00   ;     0
17.03.2007 07:00:00   ;     0
18.03.2007 07:00:00   ;     0
19.03.2007 07:00:00   ;     0
20.03.2007 07:00:00   ;    40
21.03.2007 07:00:00   ;    33
22.03.2007 07:00:00   ;    31
23.03.2007 07:00:00   ;    21
24.03.2007 07:00:00   ;    17
25.03.2007 07:00:00   ;    11
26.03.2007 07:00:00   ;     8
27.03.2007 07:00:00   ;     5
28.03.2007 07:00:00   ;     0
29.03.2007 07:00:00   ;     0
30.03.2007 07:00:00   ;     0
31.03.2007 07:00:00   ;     0
01.04.2007 07:00:00   ;     0
02.04.2007 07:00:00   ;     0
03.04.2007 07:00:00   ;     0
04.04.2007 07:00:00   ;     0
05.04.2007 07:00:00   ;     0
06.04.2007 07:00:00   ;     0
07.04.2007 07:00:00   ;     0
08.04.2007 07:00:00   ;     0
09.04.2007 07:00:00   ;     0
10.04.2007 07:00:00   ;     0
11.04.2007 07:00:00   ;     0
12.04.2007 07:00:00   ;     0
13.04.2007 07:00:00   ;     0
14.04.2007 07:00:00   ;     0
15.04.2007 07:00:00   ;     0
16.04.2007 07:00:00   ;     0
17.04.2007 07:00:00   ;     0
18.04.2007 07:00:00   ;     0
19.04.2007 07:00:00   ;     0
20.04.2007 07:00:00   ;     0
21.04.2007 07:00:00   ;     0
22.04.2007 07:00:00   ;     0
23.04.2007 07:00:00   ;     0
24.04.2007 07:00:00   ;     0
25.04.2007 07:00:00   ;     0
26.04.2007 07:00:00   ;     0
27.04.2007 07:00:00   ;     0
28.04.2007 07:00:00   ;     0
29.04.2007 07:00:00   ;     0
30.04.2007 07:00:00   ;     0
01.05.2007 07:00:00   ;     0
02.05.2007 07:00:00   ;     0
03.05.2007 07:00:00   ;     0
04.05.2007 07:00:00   ;     0
05.05.2007 07:00:00   ;     0
06.05.2007 07:00:00   ;     0
07.05.2007 07:00:00   ;     0
08.05.2007 07:00:00   ;     0
09.05.2007 07:00:00   ;     0
10.05.2007 07:00:00   ;     0
11.05.2007 07:00:00   ;     0
12.05.2007 07:00:00   ;     0
13.05.2007 07:00:00   ;     0
14.05.2007 07:00:00   ;     0
15.05.2007 07:00:00   ;     0
16.05.2007 07:00:00   ;     0
17.05.2007 07:00:00   ;     0
18.05.2007 07:00:00   ;     0
19.05.2007 07:00:00   ;     0
20.05.2007 07:00:00   ;     0
21.05.2007 07:00:00   ;     0
22.05.2007 07:00:00   ;     0
23.05.2007 07:00:00   ;     0
24.05.2007 07:00:00   ;     0
25.05.2007 07:00:00   ;     0
26.05.2007 07:00:00   ;     0
27.05.2007 07:00:00   ;     0
28.05.2007 07:00:00   ;     0
29.05.2007 07:00:00   ;     0
30.05.2007 07:00:00   ;     0
31.05.2007 07:00:00   ;     0
01.06.2007 07:00:00   ;     0
02.06.2007 07:00:00   ;     0
03.06.2007 07:00:00   ;     0
04.06.2007 07:00:00   ;     0
05.06.2007 07:00:00   ;     0
06.06.2007 07:00:00   ;     0
07.06.2007 07:00:00   ;     0
08.06.2007 07:00:00   ;     0
09.06.2007 07:00:00   ;     0
10.06.2007 07:00:00   ;     0
11.06.2007 07:00:00   ;     0
12.06.2007 07:00:00   ;     0
13.06.2007 07:00:00   ;     0
14.06.2007 07:00:00   ;     0
15.06.2007 07:00:00   ;     0
16.06.2007 07:00:00   ;     0
17.06.2007 07:00:00   ;     0
18.06.2007 07:00:00   ;     0
19.06.2007 07:00:00   ;     0
20.06.2007 07:00:00   ;     0
21.06.2007 07:00:00   ;     0
22.06.2007 07:00:00   ;     0
23.06.2007 07:00:00   ;     0
24.06.2007 07:00:00   ;     0
25.06.2007 07:00:00   ;     0
26.06.2007 07:00:00   ;     0
27.06.2007 07:00:00   ;     0
28.06.2007 07:00:00   ;     0
29.06.2007 07:00:00   ;     0
30.06.2007 07:00:00   ;     0
01.07.2007 07:00:00   ;     0
02.07.2007 07:00:00   ;     0
03.07.2007 07:00:00   ;     0
04.07.2007 07:00:00   ;     0
05.07.2007 07:00:00   ;     0
06.07.2007 07:00:00   ;     0
07.07.2007 07:00:00   ;     0
08.07.2007 07:00:00   ;     0
09.07.2007 07:00:00   ;     0
10.07.2007 07:00:00   ;     0
11.07.2007 07:00:00   ;     0
12.07.2007 07:00:00   ;     0
13.07.2007 07:00:00   ;     0
14.07.2007 07:00:00   ;     0
15.07.2007 07:00:00   ;     0
16.07.2007 07:00:00   ;     0
17.07.2007 07:00:00   ;     0
18.07.2007 07:00:00   ;     0
19.07.2007 07:00:00   ;     0
20.07.2007 07:00:00   ;     0
21.07.2007 07:00:00   ;     0
22.07.2007 07:00:00   ;     0
23.07.2007 07:00:00   ;     0
24.07.2007 07:00:00   ;     0
25.07.2007 07:00:00   ;     0
26.07.2007 07:00:00   ;     0
27.07.2007 07:00:00   ;     0
28.07.2007 07:00:00   ;     0
29.07.2007 07:00:00   ;     0
30.07.2007 07:00:00   ;     0
31.07.2007 07:00:00   ;     0
01.08.2007 07:00:00   ;     0
02.08.2007 07:00:00   ;     0
03.08.2007 07:00:00   ;     0
04.08.2007 07:00:00   ;     0
05.08.2007 07:00:00   ;     0
06.08.2007 07:00:00   ;     0
07.08.2007 07:00:00   ;     0
08.08.2007 07:00:00   ;     0
09.08.2007 07:00:00   ;     0
10.08.2007 07:00:00   ;     0
11.08.2007 07:00:00   ;     0
12.08.2007 07:00:00   ;     0
13.08.2007 07:00:00   ;     0
14.08.2007 07:00:00   ;     0
15.08.2007 07:00:00   ;     0
16.08.2007 07:00:00   ;     0
17.08.2007 07:00:00   ;     0
18.08.2007 07:00:00   ;     0
19.08.2007 07:00:00   ;     0
20.08.2007 07:00:00   ;     0
21.08.2007 07:00:00   ;     0
22.08.2007 07:00:00   ;     0
23.08.2007 07:00:00   ;     0
24.08.2007 07:00:00   ;     0
25.08.2007 07:00:00   ;     0
26.08.2007 07:00:00   ;     0
27.08.2007 07:00:00   ;     0
28.08.2007 07:00:00   ;     0
29.08.2007 07:00:00   ;     0
30.08.2007 07:00:00   ;     0
31.08.2007 07:00:00   ;     0
01.09.2007 07:00:00   ;     0
02.09.2007 07:00:00   ;     0
03.09.2007 07:00:00   ;     0
04.09.2007 07:00:00   ;     0
05.09.2007 07:00:00   ;     0
06.09.2007 07:00:00   ;     0
07.09.2007 07:00:00   ;     0
08.09.2007 07:00:00   ;     0
09.09.2007 07:00:00   ;     0
10.09.2007 07:00:00   ;     0
11.09.2007 07:00:00   ;     0
12.09.2007 07:00:00   ;     0
13.09.2007 07:00:00   ;     0
14.09.2007 07:00:00   ;     0
15.09.2007 07:00:00   ;     0
16.09.2007 07:00:00   ;     0
17.09.2007 07:00:00   ;     0
18.09.2007 07:00:00   ;     0
19.09.2007 07:00:00   ;     0
20.09.2007 07:00:00   ;     0
21.09.2007 07:00:00   ;     0
22.09.2007 07:00:00   ;     0
23.09.2007 07:00:00   ;     0
24.09.2007 07:00:00   ;     0
25.09.2007 07:00:00   ;     0
26.09.2007 07:00:00   ;     0
27.09.2007 07:00:00   ;     0
28.09.2007 07:00:00   ;     0
29.09.2007 07:00:00   ;     0
30.09.2007 07:00:00   ;     0
01.10.2007 07:00:00   ;     0
02.10.2007 07:00:00   ;     0
03.10.2007 07:00:00   ;     0
04.10.2007 07:00:00   ;     0
05.10.2007 07:00:00   ;     0
06.10.2007 07:00:00   ;     0
07.10.2007 07:00:00   ;     0
08.10.2007 07:00:00   ;     0
09.10.2007 07:00:00   ;     0
10.10.2007 07:00:00   ;     0
11.10.2007 07:00:00   ;     0
12.10.2007 07:00:00   ;     0
13.10.2007 07:00:00   ;     0
14.10.2007 07:00:00   ;     0
15.10.2007 07:00:00   ;     0
16.10.2007 07:00:00   ;     0
17.10.2007 07:00:00   ;     0
18.10.2007 07:00:00   ;     0
19.10.2007 07:00:00   ;     0
20.10.2007 07:00:00   ;     0
21.10.2007 07:00:00   ;     0
22.10.2007 07:00:00   ;     0
23.10.2007 07:00:00   ;     0
24.10.2007 07:00:00   ;     0
25.10.2007 07:00:00   ;     0
26.10.2007 07:00:00   ;     0
27.10.2007 07:00:00   ;     0
28.10.2007 07:00:00   ;     0
29.10.2007 07:00:00   ;     0
30.10.2007 07:00:00   ;     0
31.10.2007 07:00:00   ;     0
01.11.2007 07:00:00   ;     0
02.11.2007 07:00:00   ;     0
03.11.2007 07:00:00   ;     0
04.11.2007 07:00:00   ;     0
05.11.2007 07:00:00   ;     0
06.11.2007 07:00:00   ;     0
07.11.2007 07:00:00   ;     0
08.11.2007 07:00:00   ;     0
09.11.2007 07:00:00   ;     0
10.11.2007 07:00:00   ;     0
11.11.2007 07:00:00   ;     0
12.11.2007 07:00:00   ;     5
13.11.2007 07:00:00   ;     2
14.11.2007 07:00:00   ;     0
15.11.2007 07:00:00   ;     0
16.11.2007 07:00:00   ;     0
17.11.2007 07:00:00   ;     0
18.11.2007 07:00:00   ;     0
19.11.2007 07:00:00   ;     2
20.11.2007 07:00:00   ;     0
21.11.2007 07:00:00   ;     0
22.11.2007 07:00:00   ;     0
23.11.2007 07:00:00   ;     0
24.11.2007 07:00:00   ;     0
25.11.2007 07:00:00   ;     0
26.11.2007 07:00:00   ;     0
27.11.2007 07:00:00   ;     0
28.11.2007 07:00:00   ;     0
29.11.2007 07:00:00   ;     0
30.11.2007 07:00:00   ;     0
01.12.2007 07:00:00   ;     0
02.12.2007 07:00:00   ;     0
03.12.2007 07:00:00   ;     0
04.12.2007 07:00:00   ;     0
05.12.2007 07:00:00   ;     0
06.12.2007 07:00:00   ;     0
07.12.2007 07:00:00   ;     0
08.12.2007 07:00:00   ;     0
09.12.2007 07:00:00   ;     0
10.12.2007 07:00:00   ;     5
11.12.2007 07:00:00   ;     2
12.12.2007 07:00:00   ;     0
13.12.2007 07:00:00   ;     0
14.12.2007 07:00:00   ;     0
15.12.2007 07:00:00   ;     0
16.12.2007 07:00:00   ;     0
17.12.2007 07:00:00   ;     0
18.12.2007 07:00:00   ;     0
19.12.2007 07:00:00   ;     0
20.12.2007 07:00:00   ;     0
21.12.2007 07:00:00   ;     0
22.12.2007 07:00:00   ;     0
23.12.2007 07:00:00   ;     0
24.12.2007 07:00:00   ;     0
25.12.2007 07:00:00   ;     0
26.12.2007 07:00:00   ;     0
27.12.2007 07:00:00   ;     0
28.12.2007 07:00:00   ;     0
29.12.2007 07:00:00   ;     0
30.12.2007 07:00:00   ;     0
31.12.2007 07:00:00   ;     0
01.01.2008 07:00:00   ;     0
02.01.2008 07:00:00   ;     0
03.01.2008 07:00:00   ;     0
04.01.2008 07:00:00   ;     0
05.01.2008 07:00:00   ;     0
06.01.2008 07:00:00   ;     0
07.01.2008 07:00:00   ;     0
08.01.2008 07:00:00   ;     0
09.01.2008 07:00:00   ;     0
10.01.2008 07:00:00   ;     0
11.01.2008 07:00:00   ;     0
12.01.2008 07:00:00   ;     0
13.01.2008 07:00:00   ;     0
14.01.2008 07:00:00   ;     0
15.01.2008 07:00:00   ;     0
16.01.2008 07:00:00   ;     0
17.01.2008 07:00:00   ;     0
18.01.2008 07:00:00   ;    10
19.01.2008 07:00:00   ;     0
20.01.2008 07:00:00   ;     0
21.01.2008 07:00:00   ;     0
22.01.2008 07:00:00   ;     0
23.01.2008 07:00:00   ;     0
24.01.2008 07:00:00   ;     0
25.01.2008 07:00:00   ;     0
26.01.2008 07:00:00   ;     0
27.01.2008 07:00:00   ;     0
28.01.2008 07:00:00   ;     0
29.01.2008 07:00:00   ;     0
30.01.2008 07:00:00   ;     0
31.01.2008 07:00:00   ;     0
01.02.2008 07:00:00   ;     0
02.02.2008 07:00:00   ;     0
03.02.2008 07:00:00   ;     0
04.02.2008 07:00:00   ;    10
05.02.2008 07:00:00   ;    18
06.02.2008 07:00:00   ;    12
07.02.2008 07:00:00   ;    10
08.02.2008 07:00:00   ;     8
09.02.2008 07:00:00   ;     6
10.02.2008 07:00:00   ;     6
11.02.2008 07:00:00   ;     5
12.02.2008 07:00:00   ;     4
13.02.2008 07:00:00   ;     3
14.02.2008 07:00:00   ;     1
15.02.2008 07:00:00   ;     0
16.02.2008 07:00:00   ;     0
17.02.2008 07:00:00   ;     0,001
18.02.2008 07:00:00   ;     0
19.02.2008 07:00:00   ;     0
20.02.2008 07:00:00   ;     0
21.02.2008 07:00:00   ;     0
22.02.2008 07:00:00   ;     0
23.02.2008 07:00:00   ;     0
24.02.2008 07:00:00   ;     0
25.02.2008 07:00:00   ;     0
26.02.2008 07:00:00   ;     0
27.02.2008 07:00:00   ;     0
28.02.2008 07:00:00   ;     0
29.02.2008 07:00:00   ;     0
01.03.2008 07:00:00   ;     0
02.03.2008 07:00:00   ;     0
03.03.2008 07:00:00   ;     0
04.03.2008 07:00:00   ;     3
05.03.2008 07:00:00   ;    25
06.03.2008 07:00:00   ;    21
07.03.2008 07:00:00   ;    13
08.03.2008 07:00:00   ;     9
09.03.2008 07:00:00   ;     7
10.03.2008 07:00:00   ;     4
11.03.2008 07:00:00   ;     2
12.03.2008 07:00:00   ;     0
13.03.2008 07:00:00   ;     0
14.03.2008 07:00:00   ;     0
15.03.2008 07:00:00   ;     0
16.03.2008 07:00:00   ;     0
17.03.2008 07:00:00   ;     0
18.03.2008 07:00:00   ;     0
19.03.2008 07:00:00   ;     0
20.03.2008 07:00:00   ;     0
21.03.2008 07:00:00   ;     0
22.03.2008 07:00:00   ;     5
23.03.2008 07:00:00   ;    17
24.03.2008 07:00:00   ;    22
25.03.2008 07:00:00   ;    13
26.03.2008 07:00:00   ;     8
27.03.2008 07:00:00   ;     5
28.03.2008 07:00:00   ;    10
29.03.2008 07:00:00   ;     6
30.03.2008 07:00:00   ;     2
31.03.2008 07:00:00   ;     0
01.04.2008 07:00:00   ;     0
02.04.2008 07:00:00   ;     0
03.04.2008 07:00:00   ;     0
04.04.2008 07:00:00   ;     0
05.04.2008 07:00:00   ;     0
06.04.2008 07:00:00   ;     0
07.04.2008 07:00:00   ;     6
08.04.2008 07:00:00   ;     0
09.04.2008 07:00:00   ;     0
10.04.2008 07:00:00   ;     0
11.04.2008 07:00:00   ;     0
12.04.2008 07:00:00   ;     0
13.04.2008 07:00:00   ;     0
14.04.2008 07:00:00   ;     0
15.04.2008 07:00:00   ;     0
16.04.2008 07:00:00   ;     0
17.04.2008 07:00:00   ;     0
18.04.2008 07:00:00   ;     0
19.04.2008 07:00:00   ;     0
20.04.2008 07:00:00   ;     0
21.04.2008 07:00:00   ;     0
22.04.2008 07:00:00   ;     0
23.04.2008 07:00:00   ;     0
24.04.2008 07:00:00   ;     0
25.04.2008 07:00:00   ;     0
26.04.2008 07:00:00   ;     0
27.04.2008 07:00:00   ;     0
28.04.2008 07:00:00   ;     0
29.04.2008 07:00:00   ;     0
30.04.2008 07:00:00   ;     0
01.05.2008 07:00:00   ;     0
02.05.2008 07:00:00   ;     0
03.05.2008 07:00:00   ;     0
04.05.2008 07:00:00   ;     0
05.05.2008 07:00:00   ;     0
06.05.2008 07:00:00   ;     0
07.05.2008 07:00:00   ;     0
08.05.2008 07:00:00   ;     0
09.05.2008 07:00:00   ;     0
10.05.2008 07:00:00   ;     0
11.05.2008 07:00:00   ;     0
12.05.2008 07:00:00   ;     0
13.05.2008 07:00:00   ;     0
14.05.2008 07:00:00   ;     0
15.05.2008 07:00:00   ;     0
16.05.2008 07:00:00   ;     0
17.05.2008 07:00:00   ;     0
18.05.2008 07:00:00   ;     0
19.05.2008 07:00:00   ;     0
20.05.2008 07:00:00   ;     0
21.05.2008 07:00:00   ;     0
22.05.2008 07:00:00   ;     0
23.05.2008 07:00:00   ;     0
24.05.2008 07:00:00   ;     0
25.05.2008 07:00:00   ;     0
26.05.2008 07:00:00   ;     0
27.05.2008 07:00:00   ;     0
28.05.2008 07:00:00   ;     0
29.05.2008 07:00:00   ;     0
30.05.2008 07:00:00   ;     0
31.05.2008 07:00:00   ;     0
01.06.2008 07:00:00   ;     0
02.06.2008 07:00:00   ;     0
03.06.2008 07:00:00   ;     0
04.06.2008 07:00:00   ;     0
05.06.2008 07:00:00   ;     0
06.06.2008 07:00:00   ;     0
07.06.2008 07:00:00   ;     0
08.06.2008 07:00:00   ;     0
09.06.2008 07:00:00   ;     0
10.06.2008 07:00:00   ;     0
11.06.2008 07:00:00   ;     0
12.06.2008 07:00:00   ;     0
13.06.2008 07:00:00   ;     0
14.06.2008 07:00:00   ;     0
15.06.2008 07:00:00   ;     0
16.06.2008 07:00:00   ;     0
17.06.2008 07:00:00   ;     0
18.06.2008 07:00:00   ;     0
19.06.2008 07:00:00   ;     0
20.06.2008 07:00:00   ;     0
21.06.2008 07:00:00   ;     0
22.06.2008 07:00:00   ;     0
23.06.2008 07:00:00   ;     0
24.06.2008 07:00:00   ;     0
25.06.2008 07:00:00   ;     0
26.06.2008 07:00:00   ;     0
27.06.2008 07:00:00   ;     0
28.06.2008 07:00:00   ;     0
29.06.2008 07:00:00   ;     0
30.06.2008 07:00:00   ;     0
01.07.2008 07:00:00   ;     0
02.07.2008 07:00:00   ;     0
03.07.2008 07:00:00   ;     0
04.07.2008 07:00:00   ;     0
05.07.2008 07:00:00   ;     0
06.07.2008 07:00:00   ;     0
07.07.2008 07:00:00   ;     0
08.07.2008 07:00:00   ;     0
09.07.2008 07:00:00   ;     0
10.07.2008 07:00:00   ;     0
11.07.2008 07:00:00   ;     0
12.07.2008 07:00:00   ;     0
13.07.2008 07:00:00   ;     0
14.07.2008 07:00:00   ;     0
15.07.2008 07:00:00   ;     0
16.07.2008 07:00:00   ;     0
17.07.2008 07:00:00   ;     0
18.07.2008 07:00:00   ;     0
19.07.2008 07:00:00   ;     0
20.07.2008 07:00:00   ;     0
21.07.2008 07:00:00   ;     0
22.07.2008 07:00:00   ;     0
23.07.2008 07:00:00   ;     0
24.07.2008 07:00:00   ;     0
25.07.2008 07:00:00   ;     0
26.07.2008 07:00:00   ;     0
27.07.2008 07:00:00   ;     0
28.07.2008 07:00:00   ;     0
29.07.2008 07:00:00   ;     0
30.07.2008 07:00:00   ;     0
31.07.2008 07:00:00   ;     0
01.08.2008 07:00:00   ;     0
02.08.2008 07:00:00   ;     0
03.08.2008 07:00:00   ;     0
04.08.2008 07:00:00   ;     0
05.08.2008 07:00:00   ;     0
06.08.2008 07:00:00   ;     0
07.08.2008 07:00:00   ;     0
08.08.2008 07:00:00   ;     0
09.08.2008 07:00:00   ;     0
10.08.2008 07:00:00   ;     0
11.08.2008 07:00:00   ;     0
12.08.2008 07:00:00   ;     0
13.08.2008 07:00:00   ;     0
14.08.2008 07:00:00   ;     0
15.08.2008 07:00:00   ;     0
16.08.2008 07:00:00   ;     0
17.08.2008 07:00:00   ;     0
18.08.2008 07:00:00   ;     0
19.08.2008 07:00:00   ;     0
20.08.2008 07:00:00   ;     0
21.08.2008 07:00:00   ;     0
22.08.2008 07:00:00   ;     0
23.08.2008 07:00:00   ;     0
24.08.2008 07:00:00   ;     0
25.08.2008 07:00:00   ;     0
26.08.2008 07:00:00   ;     0
27.08.2008 07:00:00   ;     0
28.08.2008 07:00:00   ;     0
29.08.2008 07:00:00   ;     0
30.08.2008 07:00:00   ;     0
31.08.2008 07:00:00   ;     0
01.09.2008 07:00:00   ;     0
02.09.2008 07:00:00   ;     0
03.09.2008 07:00:00   ;     0
04.09.2008 07:00:00   ;     0
05.09.2008 07:00:00   ;     0
06.09.2008 07:00:00   ;     0
07.09.2008 07:00:00   ;     0
08.09.2008 07:00:00   ;     0
09.09.2008 07:00:00   ;     0
10.09.2008 07:00:00   ;     0
11.09.2008 07:00:00   ;     0
12.09.2008 07:00:00   ;     0
13.09.2008 07:00:00   ;     0
14.09.2008 07:00:00   ;     0
15.09.2008 07:00:00   ;     0
16.09.2008 07:00:00   ;     0
17.09.2008 07:00:00   ;     0
18.09.2008 07:00:00   ;     0
19.09.2008 07:00:00   ;     0
20.09.2008 07:00:00   ;     0
21.09.2008 07:00:00   ;     0
22.09.2008 07:00:00   ;     0
23.09.2008 07:00:00   ;     0
24.09.2008 07:00:00   ;     0
25.09.2008 07:00:00   ;     0
26.09.2008 07:00:00   ;     0
27.09.2008 07:00:00   ;     0
28.09.2008 07:00:00   ;     0
29.09.2008 07:00:00   ;     0
30.09.2008 07:00:00   ;     0
01.10.2008 07:00:00   ;     0
02.10.2008 07:00:00   ;     0
03.10.2008 07:00:00   ;     0
04.10.2008 07:00:00   ;     0
05.10.2008 07:00:00   ;     0
06.10.2008 07:00:00   ;     0
07.10.2008 07:00:00   ;     0
08.10.2008 07:00:00   ;     0
09.10.2008 07:00:00   ;     0
10.10.2008 07:00:00   ;     0
11.10.2008 07:00:00   ;     0
12.10.2008 07:00:00   ;     0
13.10.2008 07:00:00   ;     0
14.10.2008 07:00:00   ;     0
15.10.2008 07:00:00   ;     0
16.10.2008 07:00:00   ;     0
17.10.2008 07:00:00   ;     0
18.10.2008 07:00:00   ;     0
19.10.2008 07:00:00   ;     0
20.10.2008 07:00:00   ;     0
21.10.2008 07:00:00   ;     0
22.10.2008 07:00:00   ;     0
23.10.2008 07:00:00   ;     0
24.10.2008 07:00:00   ;     0
25.10.2008 07:00:00   ;     0
26.10.2008 07:00:00   ;     0
27.10.2008 07:00:00   ;     0
28.10.2008 07:00:00   ;     0
29.10.2008 07:00:00   ;     0
30.10.2008 07:00:00   ;     0
31.10.2008 07:00:00   ;     0
01.11.2008 07:00:00   ;     0
02.11.2008 07:00:00   ;     0
03.11.2008 07:00:00   ;     0
04.11.2008 07:00:00   ;     0
05.11.2008 07:00:00   ;     0
06.11.2008 07:00:00   ;     0
07.11.2008 07:00:00   ;     0
08.11.2008 07:00:00   ;     0
09.11.2008 07:00:00   ;     0
10.11.2008 07:00:00   ;     0
11.11.2008 07:00:00   ;     0
12.11.2008 07:00:00   ;     0
13.11.2008 07:00:00   ;     0
14.11.2008 07:00:00   ;     0
15.11.2008 07:00:00   ;     0
16.11.2008 07:00:00   ;     0
17.11.2008 07:00:00   ;     0
18.11.2008 07:00:00   ;     0
19.11.2008 07:00:00   ;     0
20.11.2008 07:00:00   ;     0
21.11.2008 07:00:00   ;     0
22.11.2008 07:00:00   ;     2
23.11.2008 07:00:00   ;     2
24.11.2008 07:00:00   ;     2
25.11.2008 07:00:00   ;    12
26.11.2008 07:00:00   ;    11
27.11.2008 07:00:00   ;    10
28.11.2008 07:00:00   ;     8
29.11.2008 07:00:00   ;    38
30.11.2008 07:00:00   ;    65
01.12.2008 07:00:00   ;    98
02.12.2008 07:00:00   ;    93
03.12.2008 07:00:00   ;    86
04.12.2008 07:00:00   ;    78
05.12.2008 07:00:00   ;    70
06.12.2008 07:00:00   ;    66
07.12.2008 07:00:00   ;    59
08.12.2008 07:00:00   ;    52
09.12.2008 07:00:00   ;    45
10.12.2008 07:00:00   ;    45
11.12.2008 07:00:00   ;   100
12.12.2008 07:00:00   ;   150
13.12.2008 07:00:00   ;   140
14.12.2008 07:00:00   ;   145
15.12.2008 07:00:00   ;   170
16.12.2008 07:00:00   ;   155
17.12.2008 07:00:00   ;   140
18.12.2008 07:00:00   ;   136
19.12.2008 07:00:00   ;   133
20.12.2008 07:00:00   ;   129
21.12.2008 07:00:00   ;   125
22.12.2008 07:00:00   ;   117
23.12.2008 07:00:00   ;   112
24.12.2008 07:00:00   ;   107
25.12.2008 07:00:00   ;   104
26.12.2008 07:00:00   ;   100
27.12.2008 07:00:00   ;    98
28.12.2008 07:00:00   ;   100
29.12.2008 07:00:00   ;   100
30.12.2008 07:00:00   ;   100
31.12.2008 07:00:00   ;   100
01.01.2009 07:00:00   ;    98
02.01.2009 07:00:00   ;   100
03.01.2009 07:00:00   ;   100
04.01.2009 07:00:00   ;   100
05.01.2009 07:00:00   ;   100
06.01.2009 07:00:00   ;   100
07.01.2009 07:00:00   ;   100
08.01.2009 07:00:00   ;   100
09.01.2009 07:00:00   ;   100
10.01.2009 07:00:00   ;   100
11.01.2009 07:00:00   ;   100
12.01.2009 07:00:00   ;    98
13.01.2009 07:00:00   ;    95
14.01.2009 07:00:00   ;    98
15.01.2009 07:00:00   ;   110
16.01.2009 07:00:00   ;   109
17.01.2009 07:00:00   ;   108
18.01.2009 07:00:00   ;   105
19.01.2009 07:00:00   ;   100
20.01.2009 07:00:00   ;   100
21.01.2009 07:00:00   ;   118
22.01.2009 07:00:00   ;   110
23.01.2009 07:00:00   ;   108
24.01.2009 07:00:00   ;   107
25.01.2009 07:00:00   ;   107
26.01.2009 07:00:00   ;   105
27.01.2009 07:00:00   ;   107
28.01.2009 07:00:00   ;   110
29.01.2009 07:00:00   ;   110
30.01.2009 07:00:00   ;   105
31.01.2009 07:00:00   ;   103
01.02.2009 07:00:00   ;   100
02.02.2009 07:00:00   ;   110
03.02.2009 07:00:00   ;   150
04.02.2009 07:00:00   ;   150
05.02.2009 07:00:00   ;   135
06.02.2009 07:00:00   ;   120
07.02.2009 07:00:00   ;   110
08.02.2009 07:00:00   ;   130
09.02.2009 07:00:00   ;   130
10.02.2009 07:00:00   ;   125
11.02.2009 07:00:00   ;   125
12.02.2009 07:00:00   ;   125
13.02.2009 07:00:00   ;   120
14.02.2009 07:00:00   ;   120
15.02.2009 07:00:00   ;   120
16.02.2009 07:00:00   ;   120
17.02.2009 07:00:00   ;   120
18.02.2009 07:00:00   ;   115
19.02.2009 07:00:00   ;   115
20.02.2009 07:00:00   ;   115
21.02.2009 07:00:00   ;   115
22.02.2009 07:00:00   ;   115
23.02.2009 07:00:00   ;   115
24.02.2009 07:00:00   ;   115
25.02.2009 07:00:00   ;   115
26.02.2009 07:00:00   ;   110
27.02.2009 07:00:00   ;   105
28.02.2009 07:00:00   ;   100
01.03.2009 07:00:00   ;    97
02.03.2009 07:00:00   ;    94
03.03.2009 07:00:00   ;    91
04.03.2009 07:00:00   ;    87
05.03.2009 07:00:00   ;    98
06.03.2009 07:00:00   ;   105
07.03.2009 07:00:00   ;   102
08.03.2009 07:00:00   ;    98
09.03.2009 07:00:00   ;    94
10.03.2009 07:00:00   ;    90
11.03.2009 07:00:00   ;    88
12.03.2009 07:00:00   ;    85
13.03.2009 07:00:00   ;    83
14.03.2009 07:00:00   ;    81
15.03.2009 07:00:00   ;    78
16.03.2009 07:00:00   ;    76
17.03.2009 07:00:00   ;    73
18.03.2009 07:00:00   ;    70
19.03.2009 07:00:00   ;    69
20.03.2009 07:00:00   ;    66
21.03.2009 07:00:00   ;    65
22.03.2009 07:00:00   ;    63
23.03.2009 07:00:00   ;    59
24.03.2009 07:00:00   ;    54
25.03.2009 07:00:00   ;    52
26.03.2009 07:00:00   ;    50
27.03.2009 07:00:00   ;    47
28.03.2009 07:00:00   ;    43
29.03.2009 07:00:00   ;    40
30.03.2009 07:00:00   ;    60
31.03.2009 07:00:00   ;    52
01.04.2009 07:00:00   ;    45
02.04.2009 07:00:00   ;    40
03.04.2009 07:00:00   ;    35
04.04.2009 07:00:00   ;    34
05.04.2009 07:00:00   ;    32
06.04.2009 07:00:00   ;    30
07.04.2009 07:00:00   ;    25
08.04.2009 07:00:00   ;    20
09.04.2009 07:00:00   ;    16
10.04.2009 07:00:00   ;     9
11.04.2009 07:00:00   ;     2
12.04.2009 07:00:00   ;     0
13.04.2009 07:00:00   ;     0
14.04.2009 07:00:00   ;     0
15.04.2009 07:00:00   ;     0
16.04.2009 07:00:00   ;     0
17.04.2009 07:00:00   ;     0
18.04.2009 07:00:00   ;     0
19.04.2009 07:00:00   ;     0
20.04.2009 07:00:00   ;     0
21.04.2009 07:00:00   ;     0
22.04.2009 07:00:00   ;     0
23.04.2009 07:00:00   ;     0
24.04.2009 07:00:00   ;     0
25.04.2009 07:00:00   ;     0
26.04.2009 07:00:00   ;     0
27.04.2009 07:00:00   ;     0
28.04.2009 07:00:00   ;     0
29.04.2009 07:00:00   ;     0
30.04.2009 07:00:00   ;     0
01.05.2009 07:00:00   ;     0
02.05.2009 07:00:00   ;     0
03.05.2009 07:00:00   ;     0
04.05.2009 07:00:00   ;     0
05.05.2009 07:00:00   ;     0
06.05.2009 07:00:00   ;     0
07.05.2009 07:00:00   ;     0
08.05.2009 07:00:00   ;     0
09.05.2009 07:00:00   ;     0
10.05.2009 07:00:00   ;     0
11.05.2009 07:00:00   ;     0
12.05.2009 07:00:00   ;     0
13.05.2009 07:00:00   ;     0
14.05.2009 07:00:00   ;     0
15.05.2009 07:00:00   ;     0
16.05.2009 07:00:00   ;     0
17.05.2009 07:00:00   ;     0
18.05.2009 07:00:00   ;     0
19.05.2009 07:00:00   ;     0
20.05.2009 07:00:00   ;     0
21.05.2009 07:00:00   ;     0
22.05.2009 07:00:00   ;     0
23.05.2009 07:00:00   ;     0
24.05.2009 07:00:00   ;     0
25.05.2009 07:00:00   ;     0
26.05.2009 07:00:00   ;     0
27.05.2009 07:00:00   ;     0
28.05.2009 07:00:00   ;     0
29.05.2009 07:00:00   ;     0
30.05.2009 07:00:00   ;     0
31.05.2009 07:00:00   ;     0
01.06.2009 07:00:00   ;     0
02.06.2009 07:00:00   ;     0
03.06.2009 07:00:00   ;     0
04.06.2009 07:00:00   ;     0
05.06.2009 07:00:00   ;     0
06.06.2009 07:00:00   ;     0
07.06.2009 07:00:00   ;     0
08.06.2009 07:00:00   ;     0
09.06.2009 07:00:00   ;     0
10.06.2009 07:00:00   ;     0
11.06.2009 07:00:00   ;     0
12.06.2009 07:00:00   ;     0
13.06.2009 07:00:00   ;     0
14.06.2009 07:00:00   ;     0
15.06.2009 07:00:00   ;     0
16.06.2009 07:00:00   ;     0
17.06.2009 07:00:00   ;     0
18.06.2009 07:00:00   ;     0
19.06.2009 07:00:00   ;     0
20.06.2009 07:00:00   ;     0
21.06.2009 07:00:00   ;     0
22.06.2009 07:00:00   ;     0
23.06.2009 07:00:00   ;     0
24.06.2009 07:00:00   ;     0
25.06.2009 07:00:00   ;     0
26.06.2009 07:00:00   ;     0
27.06.2009 07:00:00   ;     0
28.06.2009 07:00:00   ;     0
29.06.2009 07:00:00   ;     0
30.06.2009 07:00:00   ;     0
01.07.2009 07:00:00   ;     0
02.07.2009 07:00:00   ;     0
03.07.2009 07:00:00   ;     0
04.07.2009 07:00:00   ;     0
05.07.2009 07:00:00   ;     0
06.07.2009 07:00:00   ;     0
07.07.2009 07:00:00   ;     0
08.07.2009 07:00:00   ;     0
09.07.2009 07:00:00   ;     0
10.07.2009 07:00:00   ;     0
11.07.2009 07:00:00   ;     0
12.07.2009 07:00:00   ;     0
13.07.2009 07:00:00   ;     0
14.07.2009 07:00:00   ;     0
15.07.2009 07:00:00   ;     0
16.07.2009 07:00:00   ;     0
17.07.2009 07:00:00   ;     0
18.07.2009 07:00:00   ;     0
19.07.2009 07:00:00   ;     0
20.07.2009 07:00:00   ;     0
21.07.2009 07:00:00   ;     0
22.07.2009 07:00:00   ;     0
23.07.2009 07:00:00   ;     0
24.07.2009 07:00:00   ;     0
25.07.2009 07:00:00   ;     0
26.07.2009 07:00:00   ;     0
27.07.2009 07:00:00   ;     0
28.07.2009 07:00:00   ;     0
29.07.2009 07:00:00   ;     0
30.07.2009 07:00:00   ;     0
31.07.2009 07:00:00   ;     0
01.08.2009 07:00:00   ;     0
02.08.2009 07:00:00   ;     0
03.08.2009 07:00:00   ;     0
04.08.2009 07:00:00   ;     0
05.08.2009 07:00:00   ;     0
06.08.2009 07:00:00   ;     0
07.08.2009 07:00:00   ;     0
08.08.2009 07:00:00   ;     0
09.08.2009 07:00:00   ;     0
10.08.2009 07:00:00   ;     0
11.08.2009 07:00:00   ;     0
12.08.2009 07:00:00   ;     0
13.08.2009 07:00:00   ;     0
14.08.2009 07:00:00   ;     0
15.08.2009 07:00:00   ;     0
16.08.2009 07:00:00   ;     0
17.08.2009 07:00:00   ;     0
18.08.2009 07:00:00   ;     0
19.08.2009 07:00:00   ;     0
20.08.2009 07:00:00   ;     0
21.08.2009 07:00:00   ;     0
22.08.2009 07:00:00   ;     0
23.08.2009 07:00:00   ;     0
24.08.2009 07:00:00   ;     0
25.08.2009 07:00:00   ;     0
26.08.2009 07:00:00   ;     0
27.08.2009 07:00:00   ;     0
28.08.2009 07:00:00   ;     0
29.08.2009 07:00:00   ;     0
30.08.2009 07:00:00   ;     0
31.08.2009 07:00:00   ;     0
01.09.2009 07:00:00   ;     0
02.09.2009 07:00:00   ;     0
03.09.2009 07:00:00   ;     0
04.09.2009 07:00:00   ;     0
05.09.2009 07:00:00   ;     0
06.09.2009 07:00:00   ;     0
07.09.2009 07:00:00   ;     0
08.09.2009 07:00:00   ;     0
09.09.2009 07:00:00   ;     0
10.09.2009 07:00:00   ;     0
11.09.2009 07:00:00   ;     0
12.09.2009 07:00:00   ;     0
13.09.2009 07:00:00   ;     0
14.09.2009 07:00:00   ;     0
15.09.2009 07:00:00   ;     0
16.09.2009 07:00:00   ;     0
17.09.2009 07:00:00   ;     0
18.09.2009 07:00:00   ;     0
19.09.2009 07:00:00   ;     0
20.09.2009 07:00:00   ;     0
21.09.2009 07:00:00   ;     0
22.09.2009 07:00:00   ;     0
23.09.2009 07:00:00   ;     0
24.09.2009 07:00:00   ;     0
25.09.2009 07:00:00   ;     0
26.09.2009 07:00:00   ;     0
27.09.2009 07:00:00   ;     0
28.09.2009 07:00:00   ;     0
29.09.2009 07:00:00   ;     0
30.09.2009 07:00:00   ;     0
01.10.2009 07:00:00   ;     0
02.10.2009 07:00:00   ;     0
03.10.2009 07:00:00   ;     0
04.10.2009 07:00:00   ;     0
05.10.2009 07:00:00   ;     0
06.10.2009 07:00:00   ;     0
07.10.2009 07:00:00   ;     0
08.10.2009 07:00:00   ;     0
09.10.2009 07:00:00   ;     0
10.10.2009 07:00:00   ;     0
11.10.2009 07:00:00   ;     0
12.10.2009 07:00:00   ;     0
13.10.2009 07:00:00   ;     0
14.10.2009 07:00:00   ;     0
15.10.2009 07:00:00   ;     0
16.10.2009 07:00:00   ;     0
17.10.2009 07:00:00   ;     0
18.10.2009 07:00:00   ;     0
19.10.2009 07:00:00   ;     0
20.10.2009 07:00:00   ;     0
21.10.2009 07:00:00   ;     0
22.10.2009 07:00:00   ;     0
23.10.2009 07:00:00   ;     0
24.10.2009 07:00:00   ;     0
25.10.2009 07:00:00   ;     0
26.10.2009 07:00:00   ;     0
27.10.2009 07:00:00   ;     0
28.10.2009 07:00:00   ;     0
29.10.2009 07:00:00   ;     0
30.10.2009 07:00:00   ;     0
31.10.2009 07:00:00   ;     0
01.11.2009 07:00:00   ;     0
02.11.2009 07:00:00   ;     0
03.11.2009 07:00:00   ;     0
04.11.2009 07:00:00   ;     0
05.11.2009 07:00:00   ;     0
06.11.2009 07:00:00   ;     0
07.11.2009 07:00:00   ;     0
08.11.2009 07:00:00   ;     0
09.11.2009 07:00:00   ;     0
10.11.2009 07:00:00   ;     0
11.11.2009 07:00:00   ;     0
12.11.2009 07:00:00   ;     0
13.11.2009 07:00:00   ;     0
14.11.2009 07:00:00   ;     0
15.11.2009 07:00:00   ;     0
16.11.2009 07:00:00   ;     0
17.11.2009 07:00:00   ;     0
18.11.2009 07:00:00   ;     0
19.11.2009 07:00:00   ;     0
20.11.2009 07:00:00   ;     0
21.11.2009 07:00:00   ;     0
22.11.2009 07:00:00   ;     0
23.11.2009 07:00:00   ;     0
24.11.2009 07:00:00   ;     0
25.11.2009 07:00:00   ;     0
26.11.2009 07:00:00   ;     0
27.11.2009 07:00:00   ;     0
28.11.2009 07:00:00   ;     0
29.11.2009 07:00:00   ;     0
30.11.2009 07:00:00   ;     0
01.12.2009 07:00:00   ;     0
02.12.2009 07:00:00   ;     0
03.12.2009 07:00:00   ;     0
04.12.2009 07:00:00   ;     0
05.12.2009 07:00:00   ;    17
06.12.2009 07:00:00   ;    16
07.12.2009 07:00:00   ;    15
08.12.2009 07:00:00   ;    11
09.12.2009 07:00:00   ;     7
10.12.2009 07:00:00   ;     5
11.12.2009 07:00:00   ;     5
12.12.2009 07:00:00   ;     5
13.12.2009 07:00:00   ;     5
14.12.2009 07:00:00   ;     6
15.12.2009 07:00:00   ;     9
16.12.2009 07:00:00   ;    11
17.12.2009 07:00:00   ;    10
18.12.2009 07:00:00   ;    10
19.12.2009 07:00:00   ;    12
20.12.2009 07:00:00   ;    18
21.12.2009 07:00:00   ;    17
22.12.2009 07:00:00   ;    16
23.12.2009 07:00:00   ;     9
24.12.2009 07:00:00   ;     5
25.12.2009 07:00:00   ;     0
26.12.2009 07:00:00   ;     2
27.12.2009 07:00:00   ;     0
28.12.2009 07:00:00   ;     0
29.12.2009 07:00:00   ;     0
30.12.2009 07:00:00   ;     0
31.12.2009 07:00:00   ;     0
01.01.2010 07:00:00   ;     0
02.01.2010 07:00:00   ;     0
03.01.2010 07:00:00   ;     0
04.01.2010 07:00:00   ;     0
05.01.2010 07:00:00   ;     0
06.01.2010 07:00:00   ;     2
07.01.2010 07:00:00   ;     2
08.01.2010 07:00:00   ;    10
09.01.2010 07:00:00   ;    28
10.01.2010 07:00:00   ;    35
11.01.2010 07:00:00   ;    32
12.01.2010 07:00:00   ;    30
13.01.2010 07:00:00   ;    29
14.01.2010 07:00:00   ;    26
15.01.2010 07:00:00   ;    25
16.01.2010 07:00:00   ;    25
17.01.2010 07:00:00   ;    24
18.01.2010 07:00:00   ;    24
19.01.2010 07:00:00   ;    24
20.01.2010 07:00:00   ;    23
21.01.2010 07:00:00   ;    22
22.01.2010 07:00:00   ;    22
23.01.2010 07:00:00   ;    22
24.01.2010 07:00:00   ;    22
25.01.2010 07:00:00   ;    22
26.01.2010 07:00:00   ;    21
27.01.2010 07:00:00   ;    19
28.01.2010 07:00:00   ;    19
29.01.2010 07:00:00   ;    18
30.01.2010 07:00:00   ;    15
31.01.2010 07:00:00   ;    22
01.02.2010 07:00:00   ;    22
02.02.2010 07:00:00   ;    21
03.02.2010 07:00:00   ;    21
04.02.2010 07:00:00   ;    19
05.02.2010 07:00:00   ;    18
06.02.2010 07:00:00   ;    26
07.02.2010 07:00:00   ;    26
08.02.2010 07:00:00   ;    26
09.02.2010 07:00:00   ;    26
10.02.2010 07:00:00   ;    26
11.02.2010 07:00:00   ;    42
12.02.2010 07:00:00   ;    45
13.02.2010 07:00:00   ;    42
14.02.2010 07:00:00   ;    39
15.02.2010 07:00:00   ;    35
16.02.2010 07:00:00   ;    33
17.02.2010 07:00:00   ;    33
18.02.2010 07:00:00   ;    32
19.02.2010 07:00:00   ;    32
20.02.2010 07:00:00   ;    35
21.02.2010 07:00:00   ;    33
22.02.2010 07:00:00   ;    32
23.02.2010 07:00:00   ;    30
24.02.2010 07:00:00   ;    27
25.02.2010 07:00:00   ;    25
26.02.2010 07:00:00   ;    25
27.02.2010 07:00:00   ;    22
28.02.2010 07:00:00   ;    20
01.03.2010 07:00:00   ;    18
02.03.2010 07:00:00   ;    16
03.03.2010 07:00:00   ;    15
04.03.2010 07:00:00   ;    15
05.03.2010 07:00:00   ;    15
06.03.2010 07:00:00   ;    15
07.03.2010 07:00:00   ;    15
08.03.2010 07:00:00   ;    15
09.03.2010 07:00:00   ;    15
10.03.2010 07:00:00   ;    18
11.03.2010 07:00:00   ;    28
12.03.2010 07:00:00   ;    25
13.03.2010 07:00:00   ;    22
14.03.2010 07:00:00   ;    21
15.03.2010 07:00:00   ;    19
16.03.2010 07:00:00   ;    17
17.03.2010 07:00:00   ;    15
18.03.2010 07:00:00   ;    14
19.03.2010 07:00:00   ;    13
20.03.2010 07:00:00   ;     9
21.03.2010 07:00:00   ;     8
22.03.2010 07:00:00   ;     4
23.03.2010 07:00:00   ;     0
24.03.2010 07:00:00   ;     0
25.03.2010 07:00:00   ;     0
26.03.2010 07:00:00   ;     0
27.03.2010 07:00:00   ;     0
28.03.2010 07:00:00   ;     0
29.03.2010 07:00:00   ;     0
30.03.2010 07:00:00   ;     0
31.03.2010 07:00:00   ;     0
01.04.2010 07:00:00   ;     0
02.04.2010 07:00:00   ;     2
03.04.2010 07:00:00   ;     0
04.04.2010 07:00:00   ;     0
05.04.2010 07:00:00   ;     0
06.04.2010 07:00:00   ;     0
07.04.2010 07:00:00   ;     0
08.04.2010 07:00:00   ;     0
09.04.2010 07:00:00   ;     0
10.04.2010 07:00:00   ;     0
11.04.2010 07:00:00   ;     0
12.04.2010 07:00:00   ;     0
13.04.2010 07:00:00   ;     0
14.04.2010 07:00:00   ;     0
15.04.2010 07:00:00   ;     0
16.04.2010 07:00:00   ;     0
17.04.2010 07:00:00   ;     0
18.04.2010 07:00:00   ;     0
19.04.2010 07:00:00   ;     0
20.04.2010 07:00:00   ;     0
21.04.2010 07:00:00   ;     0
22.04.2010 07:00:00   ;     0
23.04.2010 07:00:00   ;     0
24.04.2010 07:00:00   ;     0
25.04.2010 07:00:00   ;     0
26.04.2010 07:00:00   ;     0
27.04.2010 07:00:00   ;     0
28.04.2010 07:00:00   ;     0
29.04.2010 07:00:00   ;     0
30.04.2010 07:00:00   ;     0
01.05.2010 07:00:00   ;     0
02.05.2010 07:00:00   ;     0
03.05.2010 07:00:00   ;     0
04.05.2010 07:00:00   ;     0
05.05.2010 07:00:00   ;     0
06.05.2010 07:00:00   ;     0
07.05.2010 07:00:00   ;     0
08.05.2010 07:00:00   ;     0
09.05.2010 07:00:00   ;     0
10.05.2010 07:00:00   ;     0
11.05.2010 07:00:00   ;     0
12.05.2010 07:00:00   ;     0
13.05.2010 07:00:00   ;     0
14.05.2010 07:00:00   ;     0
15.05.2010 07:00:00   ;     0
16.05.2010 07:00:00   ;     0
17.05.2010 07:00:00   ;     0
18.05.2010 07:00:00   ;     0
19.05.2010 07:00:00   ;     0
20.05.2010 07:00:00   ;     0
21.05.2010 07:00:00   ;     0
22.05.2010 07:00:00   ;     0
23.05.2010 07:00:00   ;     0
24.05.2010 07:00:00   ;     0
25.05.2010 07:00:00   ;     0
26.05.2010 07:00:00   ;     0
27.05.2010 07:00:00   ;     0
28.05.2010 07:00:00   ;     0
29.05.2010 07:00:00   ;     0
30.05.2010 07:00:00   ;     0
31.05.2010 07:00:00   ;     0
01.06.2010 07:00:00   ;     0
02.06.2010 07:00:00   ;     0
03.06.2010 07:00:00   ;     0
04.06.2010 07:00:00   ;     0
05.06.2010 07:00:00   ;     0
06.06.2010 07:00:00   ;     0
07.06.2010 07:00:00   ;     0
08.06.2010 07:00:00   ;     0
09.06.2010 07:00:00   ;     0
10.06.2010 07:00:00   ;     0
11.06.2010 07:00:00   ;     0
12.06.2010 07:00:00   ;     0
13.06.2010 07:00:00   ;     0
14.06.2010 07:00:00   ;     0
15.06.2010 07:00:00   ;     0
16.06.2010 07:00:00   ;     0
17.06.2010 07:00:00   ;     0
18.06.2010 07:00:00   ;     0
19.06.2010 07:00:00   ;     0
20.06.2010 07:00:00   ;     0
21.06.2010 07:00:00   ;     0
22.06.2010 07:00:00   ;     0
23.06.2010 07:00:00   ;     0
24.06.2010 07:00:00   ;     0
25.06.2010 07:00:00   ;     0
26.06.2010 07:00:00   ;     0
27.06.2010 07:00:00   ;     0
28.06.2010 07:00:00   ;     0
29.06.2010 07:00:00   ;     0
30.06.2010 07:00:00   ;     0
01.07.2010 07:00:00   ;     0
02.07.2010 07:00:00   ;     0
03.07.2010 07:00:00   ;     0
04.07.2010 07:00:00   ;     0
05.07.2010 07:00:00   ;     0
06.07.2010 07:00:00   ;     0
07.07.2010 07:00:00   ;     0
08.07.2010 07:00:00   ;     0
09.07.2010 07:00:00   ;     0
10.07.2010 07:00:00   ;     0
11.07.2010 07:00:00   ;     0
12.07.2010 07:00:00   ;     0
13.07.2010 07:00:00   ;     0
14.07.2010 07:00:00   ;     0
15.07.2010 07:00:00   ;     0
16.07.2010 07:00:00   ;     0
17.07.2010 07:00:00   ;     0
18.07.2010 07:00:00   ;     0
19.07.2010 07:00:00   ;     0
20.07.2010 07:00:00   ;     0
21.07.2010 07:00:00   ;     0
22.07.2010 07:00:00   ;     0
23.07.2010 07:00:00   ;     0
24.07.2010 07:00:00   ;     0
25.07.2010 07:00:00   ;     0
26.07.2010 07:00:00   ;     0
27.07.2010 07:00:00   ;     0
28.07.2010 07:00:00   ;     0
29.07.2010 07:00:00   ;     0
30.07.2010 07:00:00   ;     0
31.07.2010 07:00:00   ;     0
01.08.2010 07:00:00   ;     0
02.08.2010 07:00:00   ;     0
03.08.2010 07:00:00   ;     0
04.08.2010 07:00:00   ;     0
05.08.2010 07:00:00   ;     0
06.08.2010 07:00:00   ;     0
07.08.2010 07:00:00   ;     0
08.08.2010 07:00:00   ;     0
09.08.2010 07:00:00   ;     0
10.08.2010 07:00:00   ;     0
11.08.2010 07:00:00   ;     0
12.08.2010 07:00:00   ;     0
13.08.2010 07:00:00   ;     0
14.08.2010 07:00:00   ;     0
15.08.2010 07:00:00   ;     0
16.08.2010 07:00:00   ;     0
17.08.2010 07:00:00   ;     0
18.08.2010 07:00:00   ;     0
19.08.2010 07:00:00   ;     0
20.08.2010 07:00:00   ;     0
21.08.2010 07:00:00   ;     0
22.08.2010 07:00:00   ;     0
23.08.2010 07:00:00   ;     0
24.08.2010 07:00:00   ;     0
25.08.2010 07:00:00   ;     0
26.08.2010 07:00:00   ;     0
27.08.2010 07:00:00   ;     0
28.08.2010 07:00:00   ;     0
29.08.2010 07:00:00   ;     0
30.08.2010 07:00:00   ;     0
31.08.2010 07:00:00   ;     0
01.09.2010 07:00:00   ;     0
02.09.2010 07:00:00   ;     0
03.09.2010 07:00:00   ;     0
04.09.2010 07:00:00   ;     0
05.09.2010 07:00:00   ;     0
06.09.2010 07:00:00   ;     0
07.09.2010 07:00:00   ;     0
08.09.2010 07:00:00   ;     0
09.09.2010 07:00:00   ;     0
10.09.2010 07:00:00   ;     0
11.09.2010 07:00:00   ;     0
12.09.2010 07:00:00   ;     0
13.09.2010 07:00:00   ;     0
14.09.2010 07:00:00   ;     0
15.09.2010 07:00:00   ;     0
16.09.2010 07:00:00   ;     0
17.09.2010 07:00:00   ;     0
18.09.2010 07:00:00   ;     0
19.09.2010 07:00:00   ;     0
20.09.2010 07:00:00   ;     0
21.09.2010 07:00:00   ;     0
22.09.2010 07:00:00   ;     0
23.09.2010 07:00:00   ;     0
24.09.2010 07:00:00   ;     0
25.09.2010 07:00:00   ;     0
26.09.2010 07:00:00   ;     0
27.09.2010 07:00:00   ;     0
28.09.2010 07:00:00   ;     0
29.09.2010 07:00:00   ;     0
30.09.2010 07:00:00   ;     0
01.10.2010 07:00:00   ;     0
02.10.2010 07:00:00   ;     0
03.10.2010 07:00:00   ;     0
04.10.2010 07:00:00   ;     0
05.10.2010 07:00:00   ;     0
06.10.2010 07:00:00   ;     0
07.10.2010 07:00:00   ;     0
08.10.2010 07:00:00   ;     0
09.10.2010 07:00:00   ;     0
10.10.2010 07:00:00   ;     0
11.10.2010 07:00:00   ;     0
12.10.2010 07:00:00   ;     0
13.10.2010 07:00:00   ;     0
14.10.2010 07:00:00   ;     0
15.10.2010 07:00:00   ;     0
16.10.2010 07:00:00   ;     0
17.10.2010 07:00:00   ;     0
18.10.2010 07:00:00   ;     5
19.10.2010 07:00:00   ;     0
20.10.2010 07:00:00   ;     0
21.10.2010 07:00:00   ;     0
22.10.2010 07:00:00   ;     0
23.10.2010 07:00:00   ;     0
24.10.2010 07:00:00   ;     0
25.10.2010 07:00:00   ;     0
26.10.2010 07:00:00   ;    30
27.10.2010 07:00:00   ;    24
28.10.2010 07:00:00   ;    20
29.10.2010 07:00:00   ;    18
30.10.2010 07:00:00   ;    14
31.10.2010 07:00:00   ;    12
01.11.2010 07:00:00   ;     4
02.11.2010 07:00:00   ;     0
03.11.2010 07:00:00   ;     0
04.11.2010 07:00:00   ;     0
05.11.2010 07:00:00   ;     0
06.11.2010 07:00:00   ;     0
07.11.2010 07:00:00   ;     0
08.11.2010 07:00:00   ;     0
09.11.2010 07:00:00   ;     0
10.11.2010 07:00:00   ;    10
11.11.2010 07:00:00   ;     0
12.11.2010 07:00:00   ;     0
13.11.2010 07:00:00   ;     0
14.11.2010 07:00:00   ;     0
15.11.2010 07:00:00   ;     0
16.11.2010 07:00:00   ;     0
17.11.2010 07:00:00   ;     0
18.11.2010 07:00:00   ;     0
19.11.2010 07:00:00   ;     0
20.11.2010 07:00:00   ;     0
21.11.2010 07:00:00   ;     0
22.11.2010 07:00:00   ;    21
23.11.2010 07:00:00   ;    18
24.11.2010 07:00:00   ;    16
25.11.2010 07:00:00   ;    14
26.11.2010 07:00:00   ;    12
27.11.2010 07:00:00   ;    24
28.11.2010 07:00:00   ;    22
29.11.2010 07:00:00   ;    35
30.11.2010 07:00:00   ;    40
01.12.2010 07:00:00   ;    43
02.12.2010 07:00:00   ;    55
03.12.2010 07:00:00   ;    65
04.12.2010 07:00:00   ;    77
05.12.2010 07:00:00   ;    70
06.12.2010 07:00:00   ;    64
07.12.2010 07:00:00   ;    56
08.12.2010 07:00:00   ;    47
09.12.2010 07:00:00   ;    43
10.12.2010 07:00:00   ;    38
11.12.2010 07:00:00   ;    35
12.12.2010 07:00:00   ;    33
13.12.2010 07:00:00   ;    33
14.12.2010 07:00:00   ;    30
15.12.2010 07:00:00   ;    30
16.12.2010 07:00:00   ;    29
17.12.2010 07:00:00   ;    28
18.12.2010 07:00:00   ;    31
19.12.2010 07:00:00   ;    31
20.12.2010 07:00:00   ;    30
21.12.2010 07:00:00   ;    30
22.12.2010 07:00:00   ;    28
23.12.2010 07:00:00   ;    25
24.12.2010 07:00:00   ;    21
25.12.2010 07:00:00   ;    18
26.12.2010 07:00:00   ;    18
27.12.2010 07:00:00   ;    18
28.12.2010 07:00:00   ;    18
29.12.2010 07:00:00   ;    18
30.12.2010 07:00:00   ;    17
31.12.2010 07:00:00   ;    17
01.01.2011 07:00:00   ;    17
02.01.2011 07:00:00   ;    17
03.01.2011 07:00:00   ;    17
04.01.2011 07:00:00   ;    17
05.01.2011 07:00:00   ;    17
06.01.2011 07:00:00   ;    17
07.01.2011 07:00:00   ;    17
08.01.2011 07:00:00   ;    17
09.01.2011 07:00:00   ;    17
10.01.2011 07:00:00   ;    16
11.01.2011 07:00:00   ;    16
12.01.2011 07:00:00   ;    16
13.01.2011 07:00:00   ;    16
14.01.2011 07:00:00   ;    16
15.01.2011 07:00:00   ;    16
16.01.2011 07:00:00   ;    15
17.01.2011 07:00:00   ;    15
18.01.2011 07:00:00   ;    15
19.01.2011 07:00:00   ;    15
20.01.2011 07:00:00   ;    27
21.01.2011 07:00:00   ;    22
22.01.2011 07:00:00   ;    20
23.01.2011 07:00:00   ;    18
24.01.2011 07:00:00   ;    18
25.01.2011 07:00:00   ;    18
26.01.2011 07:00:00   ;    18
27.01.2011 07:00:00   ;    17
28.01.2011 07:00:00   ;    17
29.01.2011 07:00:00   ;    17
30.01.2011 07:00:00   ;    17
31.01.2011 07:00:00   ;    17
01.02.2011 07:00:00   ;    16
02.02.2011 07:00:00   ;    15
03.02.2011 07:00:00   ;    14
04.02.2011 07:00:00   ;    13
05.02.2011 07:00:00   ;    12
06.02.2011 07:00:00   ;    11
07.02.2011 07:00:00   ;    10
08.02.2011 07:00:00   ;     9
09.02.2011 07:00:00   ;     8
10.02.2011 07:00:00   ;     7
11.02.2011 07:00:00   ;     6
12.02.2011 07:00:00   ;     5
13.02.2011 07:00:00   ;     4
14.02.2011 07:00:00   ;     3
15.02.2011 07:00:00   ;     2
16.02.2011 07:00:00   ;     1
17.02.2011 07:00:00   ;    32
18.02.2011 07:00:00   ;    32
19.02.2011 07:00:00   ;    29
20.02.2011 07:00:00   ;    24
21.02.2011 07:00:00   ;    24
22.02.2011 07:00:00   ;    23
23.02.2011 07:00:00   ;    23
24.02.2011 07:00:00   ;    22
25.02.2011 07:00:00   ;    21
26.02.2011 07:00:00   ;    20
27.02.2011 07:00:00   ;    19
28.02.2011 07:00:00   ;    30
01.03.2011 07:00:00   ;    30
02.03.2011 07:00:00   ;    30
03.03.2011 07:00:00   ;    33
04.03.2011 07:00:00   ;    38
05.03.2011 07:00:00   ;    36
06.03.2011 07:00:00   ;    34
07.03.2011 07:00:00   ;    31
08.03.2011 07:00:00   ;    27
09.03.2011 07:00:00   ;    25
10.03.2011 07:00:00   ;    20
11.03.2011 07:00:00   ;    16
12.03.2011 07:00:00   ;    11
13.03.2011 07:00:00   ;     8
14.03.2011 07:00:00   ;     5
15.03.2011 07:00:00   ;     2
16.03.2011 07:00:00   ;     1
17.03.2011 07:00:00   ;     0
18.03.2011 07:00:00   ;     2
19.03.2011 07:00:00   ;     0
20.03.2011 07:00:00   ;     0
21.03.2011 07:00:00   ;     0
22.03.2011 07:00:00   ;     0
23.03.2011 07:00:00   ;     0
24.03.2011 07:00:00   ;     0
25.03.2011 07:00:00   ;     0
26.03.2011 07:00:00   ;     0
27.03.2011 07:00:00   ;     0
28.03.2011 07:00:00   ;     0
29.03.2011 07:00:00   ;     0
30.03.2011 07:00:00   ;     0
31.03.2011 07:00:00   ;     0
01.04.2011 07:00:00   ;     0
02.04.2011 07:00:00   ;     0
03.04.2011 07:00:00   ;     0
04.04.2011 07:00:00   ;     0
05.04.2011 07:00:00   ;     0
06.04.2011 07:00:00   ;     0
07.04.2011 07:00:00   ;     0
08.04.2011 07:00:00   ;     0
09.04.2011 07:00:00   ;     0
10.04.2011 07:00:00   ;     0
11.04.2011 07:00:00   ;     0
12.04.2011 07:00:00   ;     0
13.04.2011 07:00:00   ;     0
14.04.2011 07:00:00   ;     0
15.04.2011 07:00:00   ;     0
16.04.2011 07:00:00   ;     0
17.04.2011 07:00:00   ;     0
18.04.2011 07:00:00   ;     0
19.04.2011 07:00:00   ;     0
20.04.2011 07:00:00   ;     0
21.04.2011 07:00:00   ;     0
22.04.2011 07:00:00   ;     0
23.04.2011 07:00:00   ;     0
24.04.2011 07:00:00   ;     0
25.04.2011 07:00:00   ;     0
26.04.2011 07:00:00   ;     0
27.04.2011 07:00:00   ;     0
28.04.2011 07:00:00   ;     0
29.04.2011 07:00:00   ;     0
30.04.2011 07:00:00   ;     0
01.05.2011 07:00:00   ;     0
02.05.2011 07:00:00   ;     0
03.05.2011 07:00:00   ;     0
04.05.2011 07:00:00   ;     0
05.05.2011 07:00:00   ;     0
06.05.2011 07:00:00   ;     0
07.05.2011 07:00:00   ;     0
08.05.2011 07:00:00   ;     0
09.05.2011 07:00:00   ;     0
10.05.2011 07:00:00   ;     0
11.05.2011 07:00:00   ;     0
12.05.2011 07:00:00   ;     0
13.05.2011 07:00:00   ;     0
14.05.2011 07:00:00   ;     0
15.05.2011 07:00:00   ;     0
16.05.2011 07:00:00   ;     0
17.05.2011 07:00:00   ;     0
18.05.2011 07:00:00   ;     0
19.05.2011 07:00:00   ;     0
20.05.2011 07:00:00   ;     0
21.05.2011 07:00:00   ;     0
22.05.2011 07:00:00   ;     0
23.05.2011 07:00:00   ;     0
24.05.2011 07:00:00   ;     0
25.05.2011 07:00:00   ;     0
26.05.2011 07:00:00   ;     0
27.05.2011 07:00:00   ;     0
28.05.2011 07:00:00   ;     0
29.05.2011 07:00:00   ;     0
30.05.2011 07:00:00   ;     0
31.05.2011 07:00:00   ;     0
01.06.2011 07:00:00   ;     0
02.06.2011 07:00:00   ;     0
03.06.2011 07:00:00   ;     0
04.06.2011 07:00:00   ;     0
05.06.2011 07:00:00   ;     0
06.06.2011 07:00:00   ;     0
07.06.2011 07:00:00   ;     0
08.06.2011 07:00:00   ;     0
09.06.2011 07:00:00   ;     0
10.06.2011 07:00:00   ;     0
11.06.2011 07:00:00   ;     0
12.06.2011 07:00:00   ;     0
13.06.2011 07:00:00   ;     0
14.06.2011 07:00:00   ;     0
15.06.2011 07:00:00   ;     0
16.06.2011 07:00:00   ;     0
17.06.2011 07:00:00   ;     0
18.06.2011 07:00:00   ;     0
19.06.2011 07:00:00   ;     0
20.06.2011 07:00:00   ;     0
21.06.2011 07:00:00   ;     0
22.06.2011 07:00:00   ;     0
23.06.2011 07:00:00   ;     0
24.06.2011 07:00:00   ;     0
25.06.2011 07:00:00   ;     0
26.06.2011 07:00:00   ;     0
27.06.2011 07:00:00   ;     0
28.06.2011 07:00:00   ;     0
29.06.2011 07:00:00   ;     0
30.06.2011 07:00:00   ;     0
01.07.2011 07:00:00   ;     0
02.07.2011 07:00:00   ;     0
03.07.2011 07:00:00   ;     0
04.07.2011 07:00:00   ;     0
05.07.2011 07:00:00   ;     0
06.07.2011 07:00:00   ;     0
07.07.2011 07:00:00   ;     0
08.07.2011 07:00:00   ;     0
09.07.2011 07:00:00   ;     0
10.07.2011 07:00:00   ;     0
11.07.2011 07:00:00   ;     0
12.07.2011 07:00:00   ;     0
13.07.2011 07:00:00   ;     0
14.07.2011 07:00:00   ;     0
15.07.2011 07:00:00   ;     0
16.07.2011 07:00:00   ;     0
17.07.2011 07:00:00   ;     0
18.07.2011 07:00:00   ;     0
19.07.2011 07:00:00   ;     0
20.07.2011 07:00:00   ;     0
21.07.2011 07:00:00   ;     0
22.07.2011 07:00:00   ;     0
23.07.2011 07:00:00   ;     0
24.07.2011 07:00:00   ;     0
25.07.2011 07:00:00   ;     0
26.07.2011 07:00:00   ;     0
27.07.2011 07:00:00   ;     0
28.07.2011 07:00:00   ;     0
29.07.2011 07:00:00   ;     0
30.07.2011 07:00:00   ;     0
31.07.2011 07:00:00   ;     0
01.08.2011 07:00:00   ;     0
02.08.2011 07:00:00   ;     0
03.08.2011 07:00:00   ;     0
04.08.2011 07:00:00   ;     0
05.08.2011 07:00:00   ;     0
06.08.2011 07:00:00   ;     0
07.08.2011 07:00:00   ;     0
08.08.2011 07:00:00   ;     0
09.08.2011 07:00:00   ;     0
10.08.2011 07:00:00   ;     0
11.08.2011 07:00:00   ;     0
12.08.2011 07:00:00   ;     0
13.08.2011 07:00:00   ;     0
14.08.2011 07:00:00   ;     0
15.08.2011 07:00:00   ;     0
16.08.2011 07:00:00   ;     0
17.08.2011 07:00:00   ;     0
18.08.2011 07:00:00   ;     0
19.08.2011 07:00:00   ;     0
20.08.2011 07:00:00   ;     0
21.08.2011 07:00:00   ;     0
22.08.2011 07:00:00   ;     0
23.08.2011 07:00:00   ;     0
24.08.2011 07:00:00   ;     0
25.08.2011 07:00:00   ;     0
26.08.2011 07:00:00   ;     0
27.08.2011 07:00:00   ;     0
28.08.2011 07:00:00   ;     0
29.08.2011 07:00:00   ;     0
30.08.2011 07:00:00   ;     0
31.08.2011 07:00:00   ;     0
01.09.2011 07:00:00   ;     0
02.09.2011 07:00:00   ;     0
03.09.2011 07:00:00   ;     0
04.09.2011 07:00:00   ;     0
05.09.2011 07:00:00   ;     0
06.09.2011 07:00:00   ;     0
07.09.2011 07:00:00   ;     0
08.09.2011 07:00:00   ;     0
09.09.2011 07:00:00   ;     0
10.09.2011 07:00:00   ;     0
11.09.2011 07:00:00   ;     0
12.09.2011 07:00:00   ;     0
13.09.2011 07:00:00   ;     0
14.09.2011 07:00:00   ;     0
15.09.2011 07:00:00   ;     0
16.09.2011 07:00:00   ;     0
17.09.2011 07:00:00   ;     0
18.09.2011 07:00:00   ;     0
19.09.2011 07:00:00   ;     0
20.09.2011 07:00:00   ;     0
21.09.2011 07:00:00   ;     0
22.09.2011 07:00:00   ;     0
23.09.2011 07:00:00   ;     0
24.09.2011 07:00:00   ;     0
25.09.2011 07:00:00   ;     0
26.09.2011 07:00:00   ;     0
27.09.2011 07:00:00   ;     0
28.09.2011 07:00:00   ;     0
29.09.2011 07:00:00   ;     0
30.09.2011 07:00:00   ;     0
01.10.2011 07:00:00   ;     0
02.10.2011 07:00:00   ;     0
03.10.2011 07:00:00   ;     0
04.10.2011 07:00:00   ;     0
05.10.2011 07:00:00   ;     0
06.10.2011 07:00:00   ;     0
07.10.2011 07:00:00   ;     0
08.10.2011 07:00:00   ;     0
09.10.2011 07:00:00   ;     0
10.10.2011 07:00:00   ;     0
11.10.2011 07:00:00   ;     0
12.10.2011 07:00:00   ;     0
13.10.2011 07:00:00   ;     0
14.10.2011 07:00:00   ;     0
15.10.2011 07:00:00   ;     0
16.10.2011 07:00:00   ;     0
17.10.2011 07:00:00   ;     0
18.10.2011 07:00:00   ;     0
19.10.2011 07:00:00   ;     0
20.10.2011 07:00:00   ;     0
21.10.2011 07:00:00   ;     5
22.10.2011 07:00:00   ;     0
23.10.2011 07:00:00   ;     0
24.10.2011 07:00:00   ;     0
25.10.2011 07:00:00   ;     0
26.10.2011 07:00:00   ;     0
27.10.2011 07:00:00   ;     0
28.10.2011 07:00:00   ;     0
29.10.2011 07:00:00   ;     0
30.10.2011 07:00:00   ;     0
31.10.2011 07:00:00   ;     0
01.11.2011 07:00:00   ;     0
02.11.2011 07:00:00   ;     0
03.11.2011 07:00:00   ;     0
04.11.2011 07:00:00   ;     0
05.11.2011 07:00:00   ;     0
06.11.2011 07:00:00   ;     0
07.11.2011 07:00:00   ;     0
08.11.2011 07:00:00   ;     0
09.11.2011 07:00:00   ;     0
10.11.2011 07:00:00   ;     0
11.11.2011 07:00:00   ;     0
12.11.2011 07:00:00   ;     0
13.11.2011 07:00:00   ;     0
14.11.2011 07:00:00   ;     0
15.11.2011 07:00:00   ;     0
16.11.2011 07:00:00   ;     0
17.11.2011 07:00:00   ;     0
18.11.2011 07:00:00   ;     0
19.11.2011 07:00:00   ;     0
20.11.2011 07:00:00   ;     0
21.11.2011 07:00:00   ;     0
22.11.2011 07:00:00   ;     0
23.11.2011 07:00:00   ;     0
24.11.2011 07:00:00   ;     0
25.11.2011 07:00:00   ;     0
26.11.2011 07:00:00   ;     0
27.11.2011 07:00:00   ;     0
28.11.2011 07:00:00   ;     0
29.11.2011 07:00:00   ;     0
30.11.2011 07:00:00   ;     0
01.12.2011 07:00:00   ;     0
02.12.2011 07:00:00   ;     0
03.12.2011 07:00:00   ;     0
04.12.2011 07:00:00   ;     0
05.12.2011 07:00:00   ;     0
06.12.2011 07:00:00   ;     0
07.12.2011 07:00:00   ;     0
08.12.2011 07:00:00   ;     0
09.12.2011 07:00:00   ;     0
10.12.2011 07:00:00   ;     0
11.12.2011 07:00:00   ;     0
12.12.2011 07:00:00   ;     0
13.12.2011 07:00:00   ;     0
14.12.2011 07:00:00   ;     0
15.12.2011 07:00:00   ;     0
16.12.2011 07:00:00   ;     0
17.12.2011 07:00:00   ;     0
18.12.2011 07:00:00   ;     0
19.12.2011 07:00:00   ;     0
20.12.2011 07:00:00   ;     0
21.12.2011 07:00:00   ;     0
22.12.2011 07:00:00   ;     0
23.12.2011 07:00:00   ;     0
24.12.2011 07:00:00   ;     0
25.12.2011 07:00:00   ;     0
26.12.2011 07:00:00   ;     0
27.12.2011 07:00:00   ;     0
28.12.2011 07:00:00   ;     0
29.12.2011 07:00:00   ;     0
30.12.2011 07:00:00   ;     2
31.12.2011 07:00:00   ;     0
01.01.2012 07:00:00   ;     0
02.01.2012 07:00:00   ;     0
03.01.2012 07:00:00   ;     0
04.01.2012 07:00:00   ;     0
05.01.2012 07:00:00   ;     0
06.01.2012 07:00:00   ;     4
07.01.2012 07:00:00   ;     2
08.01.2012 07:00:00   ;     0
09.01.2012 07:00:00   ;     0
10.01.2012 07:00:00   ;     0
11.01.2012 07:00:00   ;     0
12.01.2012 07:00:00   ;     0
13.01.2012 07:00:00   ;     0
14.01.2012 07:00:00   ;     0
15.01.2012 07:00:00   ;     0
16.01.2012 07:00:00   ;     0
17.01.2012 07:00:00   ;     0
18.01.2012 07:00:00   ;     0
19.01.2012 07:00:00   ;     0
20.01.2012 07:00:00   ;     0
21.01.2012 07:00:00   ;     3
22.01.2012 07:00:00   ;     4
23.01.2012 07:00:00   ;     3
24.01.2012 07:00:00   ;     3
25.01.2012 07:00:00   ;     3
26.01.2012 07:00:00   ;     2
27.01.2012 07:00:00   ;     2
28.01.2012 07:00:00   ;     1
29.01.2012 07:00:00   ;     0
30.01.2012 07:00:00   ;     0
31.01.2012 07:00:00   ;     0
01.02.2012 07:00:00   ;     0
02.02.2012 07:00:00   ;     3
03.02.2012 07:00:00   ;     2
04.02.2012 07:00:00   ;     2
05.02.2012 07:00:00   ;     6
06.02.2012 07:00:00   ;     5
07.02.2012 07:00:00   ;    14
08.02.2012 07:00:00   ;    13
09.02.2012 07:00:00   ;    13
10.02.2012 07:00:00   ;    15
11.02.2012 07:00:00   ;    15
12.02.2012 07:00:00   ;    20
13.02.2012 07:00:00   ;    22
14.02.2012 07:00:00   ;    21
15.02.2012 07:00:00   ;    19
16.02.2012 07:00:00   ;    17
17.02.2012 07:00:00   ;    15
18.02.2012 07:00:00   ;    14
19.02.2012 07:00:00   ;    12
20.02.2012 07:00:00   ;    28
21.02.2012 07:00:00   ;    24
22.02.2012 07:00:00   ;    20
23.02.2012 07:00:00   ;    17
24.02.2012 07:00:00   ;    16
25.02.2012 07:00:00   ;    14
26.02.2012 07:00:00   ;    12
27.02.2012 07:00:00   ;    10
28.02.2012 07:00:00   ;     8
29.02.2012 07:00:00   ;     4
01.03.2012 07:00:00   ;     0
02.03.2012 07:00:00   ;     0
03.03.2012 07:00:00   ;     0
04.03.2012 07:00:00   ;     0
05.03.2012 07:00:00   ;     0
06.03.2012 07:00:00   ;     0
07.03.2012 07:00:00   ;     0
08.03.2012 07:00:00   ;     0
09.03.2012 07:00:00   ;     0
10.03.2012 07:00:00   ;     0
11.03.2012 07:00:00   ;     0
12.03.2012 07:00:00   ;     0
13.03.2012 07:00:00   ;     0
14.03.2012 07:00:00   ;     0
15.03.2012 07:00:00   ;     0
16.03.2012 07:00:00   ;     0
17.03.2012 07:00:00   ;     0
18.03.2012 07:00:00   ;     0
19.03.2012 07:00:00   ;     0
20.03.2012 07:00:00   ;     0
21.03.2012 07:00:00   ;     0
22.03.2012 07:00:00   ;     0
23.03.2012 07:00:00   ;     0
24.03.2012 07:00:00   ;     0
25.03.2012 07:00:00   ;     0
26.03.2012 07:00:00   ;     0
27.03.2012 07:00:00   ;     0
28.03.2012 07:00:00   ;     0
29.03.2012 07:00:00   ;     0
30.03.2012 07:00:00   ;     0
31.03.2012 07:00:00   ;     0
01.04.2012 07:00:00   ;     0
02.04.2012 07:00:00   ;     0
03.04.2012 07:00:00   ;     0
04.04.2012 07:00:00   ;     0
05.04.2012 07:00:00   ;     0
06.04.2012 07:00:00   ;     0
07.04.2012 07:00:00   ;     0
08.04.2012 07:00:00   ;     0
09.04.2012 07:00:00   ;     0
10.04.2012 07:00:00   ;     0
11.04.2012 07:00:00   ;     0
12.04.2012 07:00:00   ;     0
13.04.2012 07:00:00   ;     0
14.04.2012 07:00:00   ;     0
15.04.2012 07:00:00   ;     0
16.04.2012 07:00:00   ;     0
17.04.2012 07:00:00   ;     0
18.04.2012 07:00:00   ;     0
19.04.2012 07:00:00   ;     0
20.04.2012 07:00:00   ;     0
21.04.2012 07:00:00   ;     0
22.04.2012 07:00:00   ;     0
23.04.2012 07:00:00   ;     0
24.04.2012 07:00:00   ;     0
25.04.2012 07:00:00   ;     0
26.04.2012 07:00:00   ;     0
27.04.2012 07:00:00   ;     0
28.04.2012 07:00:00   ;     0
29.04.2012 07:00:00   ;     0
30.04.2012 07:00:00   ;     0
01.05.2012 07:00:00   ;     0
02.05.2012 07:00:00   ;     0
03.05.2012 07:00:00   ;     0
04.05.2012 07:00:00   ;     0
05.05.2012 07:00:00   ;     0
06.05.2012 07:00:00   ;     0
07.05.2012 07:00:00   ;     0
08.05.2012 07:00:00   ;     0
09.05.2012 07:00:00   ;     0
10.05.2012 07:00:00   ;     0
11.05.2012 07:00:00   ;     0
12.05.2012 07:00:00   ;     0
13.05.2012 07:00:00   ;     0
14.05.2012 07:00:00   ;     0
15.05.2012 07:00:00   ;     0
16.05.2012 07:00:00   ;     0
17.05.2012 07:00:00   ;     0
18.05.2012 07:00:00   ;     0
19.05.2012 07:00:00   ;     0
20.05.2012 07:00:00   ;     0
21.05.2012 07:00:00   ;     0
22.05.2012 07:00:00   ;     0
23.05.2012 07:00:00   ;     0
24.05.2012 07:00:00   ;     0
25.05.2012 07:00:00   ;     0
26.05.2012 07:00:00   ;     0
27.05.2012 07:00:00   ;     0
28.05.2012 07:00:00   ;     0
29.05.2012 07:00:00   ;     0
30.05.2012 07:00:00   ;     0
31.05.2012 07:00:00   ;     0
01.06.2012 07:00:00   ;     0
02.06.2012 07:00:00   ;     0
03.06.2012 07:00:00   ;     0
04.06.2012 07:00:00   ;     0
05.06.2012 07:00:00   ;     0
06.06.2012 07:00:00   ;     0
07.06.2012 07:00:00   ;     0
08.06.2012 07:00:00   ;     0
09.06.2012 07:00:00   ;     0
10.06.2012 07:00:00   ;     0
11.06.2012 07:00:00   ;     0
12.06.2012 07:00:00   ;     0
13.06.2012 07:00:00   ;     0
14.06.2012 07:00:00   ;     0
15.06.2012 07:00:00   ;     0
16.06.2012 07:00:00   ;     0
17.06.2012 07:00:00   ;     0
18.06.2012 07:00:00   ;     0
19.06.2012 07:00:00   ;     0
20.06.2012 07:00:00   ;     0
21.06.2012 07:00:00   ;     0
22.06.2012 07:00:00   ;     0
23.06.2012 07:00:00   ;     0
24.06.2012 07:00:00   ;     0
25.06.2012 07:00:00   ;     0
26.06.2012 07:00:00   ;     0
27.06.2012 07:00:00   ;     0
28.06.2012 07:00:00   ;     0
29.06.2012 07:00:00   ;     0
30.06.2012 07:00:00   ;     0
01.07.2012 07:00:00   ;     0
02.07.2012 07:00:00   ;     0
03.07.2012 07:00:00   ;     0
04.07.2012 07:00:00   ;     0
05.07.2012 07:00:00   ;     0
06.07.2012 07:00:00   ;     0
07.07.2012 07:00:00   ;     0
08.07.2012 07:00:00   ;     0
09.07.2012 07:00:00   ;     0
10.07.2012 07:00:00   ;     0
11.07.2012 07:00:00   ;     0
12.07.2012 07:00:00   ;     0
13.07.2012 07:00:00   ;     0
14.07.2012 07:00:00   ;     0
15.07.2012 07:00:00   ;     0
16.07.2012 07:00:00   ;     0
17.07.2012 07:00:00   ;     0
18.07.2012 07:00:00   ;     0
19.07.2012 07:00:00   ;     0
20.07.2012 07:00:00   ;     0
21.07.2012 07:00:00   ;     0
22.07.2012 07:00:00   ;     0
23.07.2012 07:00:00   ;     0
24.07.2012 07:00:00   ;     0
25.07.2012 07:00:00   ;     0
26.07.2012 07:00:00   ;     0
27.07.2012 07:00:00   ;     0
28.07.2012 07:00:00   ;     0
29.07.2012 07:00:00   ;     0
30.07.2012 07:00:00   ;     0
31.07.2012 07:00:00   ;     0
01.08.2012 07:00:00   ;     0
02.08.2012 07:00:00   ;     0
03.08.2012 07:00:00   ;     0
04.08.2012 07:00:00   ;     0
05.08.2012 07:00:00   ;     0
06.08.2012 07:00:00   ;     0
07.08.2012 07:00:00   ;     0
08.08.2012 07:00:00   ;     0
09.08.2012 07:00:00   ;     0
10.08.2012 07:00:00   ;     0
11.08.2012 07:00:00   ;     0
12.08.2012 07:00:00   ;     0
13.08.2012 07:00:00   ;     0
14.08.2012 07:00:00   ;     0
15.08.2012 07:00:00   ;     0
16.08.2012 07:00:00   ;     0
17.08.2012 07:00:00   ;     0
18.08.2012 07:00:00   ;     0
19.08.2012 07:00:00   ;     0
20.08.2012 07:00:00   ;     0
21.08.2012 07:00:00   ;     0
22.08.2012 07:00:00   ;     0
23.08.2012 07:00:00   ;     0
24.08.2012 07:00:00   ;     0
25.08.2012 07:00:00   ;     0
26.08.2012 07:00:00   ;     0
27.08.2012 07:00:00   ;     0
28.08.2012 07:00:00   ;     0
29.08.2012 07:00:00   ;     0
30.08.2012 07:00:00   ;     0
31.08.2012 07:00:00   ;     0
01.09.2012 07:00:00   ;     0
02.09.2012 07:00:00   ;     0
03.09.2012 07:00:00   ;     0
04.09.2012 07:00:00   ;     0
05.09.2012 07:00:00   ;     0
06.09.2012 07:00:00   ;     0
07.09.2012 07:00:00   ;     0
08.09.2012 07:00:00   ;     0
09.09.2012 07:00:00   ;     0
10.09.2012 07:00:00   ;     0
11.09.2012 07:00:00   ;     0
12.09.2012 07:00:00   ;     0
13.09.2012 07:00:00   ;     0
14.09.2012 07:00:00   ;     0
15.09.2012 07:00:00   ;     0
16.09.2012 07:00:00   ;     0
17.09.2012 07:00:00   ;     0
18.09.2012 07:00:00   ;     0
19.09.2012 07:00:00   ;     0
20.09.2012 07:00:00   ;     0
21.09.2012 07:00:00   ;     0
22.09.2012 07:00:00   ;     0
23.09.2012 07:00:00   ;     0
24.09.2012 07:00:00   ;     0
25.09.2012 07:00:00   ;     0
26.09.2012 07:00:00   ;     0
27.09.2012 07:00:00   ;     0
28.09.2012 07:00:00   ;     0
29.09.2012 07:00:00   ;     0
30.09.2012 07:00:00   ;     0
01.10.2012 07:00:00   ;     0
02.10.2012 07:00:00   ;     0
03.10.2012 07:00:00   ;     0
04.10.2012 07:00:00   ;     0
05.10.2012 07:00:00   ;     0
06.10.2012 07:00:00   ;     0
07.10.2012 07:00:00   ;     0
08.10.2012 07:00:00   ;     0
09.10.2012 07:00:00   ;     0
10.10.2012 07:00:00   ;     0
11.10.2012 07:00:00   ;     0
12.10.2012 07:00:00   ;     0
13.10.2012 07:00:00   ;     0
14.10.2012 07:00:00   ;     0
15.10.2012 07:00:00   ;     0
16.10.2012 07:00:00   ;     0
17.10.2012 07:00:00   ;     0
18.10.2012 07:00:00   ;     0
19.10.2012 07:00:00   ;     0
20.10.2012 07:00:00   ;     0
21.10.2012 07:00:00   ;     0
22.10.2012 07:00:00   ;     0
23.10.2012 07:00:00   ;     0
24.10.2012 07:00:00   ;     0
25.10.2012 07:00:00   ;     0
26.10.2012 07:00:00   ;     0
27.10.2012 07:00:00   ;     0
28.10.2012 07:00:00   ;     3
29.10.2012 07:00:00   ;    18
30.10.2012 07:00:00   ;    10
31.10.2012 07:00:00   ;     6
01.11.2012 07:00:00   ;    37
02.11.2012 07:00:00   ;    25
03.11.2012 07:00:00   ;    14
04.11.2012 07:00:00   ;     7
05.11.2012 07:00:00   ;     0,001
06.11.2012 07:00:00   ;     0
07.11.2012 07:00:00   ;     0
08.11.2012 07:00:00   ;     0
09.11.2012 07:00:00   ;     0
10.11.2012 07:00:00   ;     0
11.11.2012 07:00:00   ;     0
12.11.2012 07:00:00   ;     0
13.11.2012 07:00:00   ;     0
14.11.2012 07:00:00   ;     0
15.11.2012 07:00:00   ;     0
16.11.2012 07:00:00   ;     0
17.11.2012 07:00:00   ;     0
18.11.2012 07:00:00   ;     0
19.11.2012 07:00:00   ;     0
20.11.2012 07:00:00   ;     0
21.11.2012 07:00:00   ;     0
22.11.2012 07:00:00   ;     0
23.11.2012 07:00:00   ;     0
24.11.2012 07:00:00   ;     0
25.11.2012 07:00:00   ;     0
26.11.2012 07:00:00   ;     0
27.11.2012 07:00:00   ;     0
28.11.2012 07:00:00   ;     0
29.11.2012 07:00:00   ;     0
30.11.2012 07:00:00   ;     0
01.12.2012 07:00:00   ;     4
02.12.2012 07:00:00   ;     5
03.12.2012 07:00:00   ;    23
04.12.2012 07:00:00   ;    17
05.12.2012 07:00:00   ;    17
06.12.2012 07:00:00   ;    16
07.12.2012 07:00:00   ;    15
08.12.2012 07:00:00   ;    14
09.12.2012 07:00:00   ;    14
10.12.2012 07:00:00   ;    13
11.12.2012 07:00:00   ;    12
12.12.2012 07:00:00   ;    11
13.12.2012 07:00:00   ;    11
14.12.2012 07:00:00   ;    10
15.12.2012 07:00:00   ;     8
16.12.2012 07:00:00   ;     7
17.12.2012 07:00:00   ;     6
18.12.2012 07:00:00   ;     6
19.12.2012 07:00:00   ;     5
20.12.2012 07:00:00   ;     4
21.12.2012 07:00:00   ;     4
22.12.2012 07:00:00   ;     3
23.12.2012 07:00:00   ;     3
24.12.2012 07:00:00   ;     2
25.12.2012 07:00:00   ;     2
26.12.2012 07:00:00   ;     0
27.12.2012 07:00:00   ;     0
28.12.2012 07:00:00   ;     0
29.12.2012 07:00:00   ;     0
30.12.2012 07:00:00   ;     0
31.12.2012 07:00:00   ;     0
01.01.2013 07:00:00   ;     0
02.01.2013 07:00:00   ;     0
03.01.2013 07:00:00   ;     0
04.01.2013 07:00:00   ;     0
05.01.2013 07:00:00   ;     0
06.01.2013 07:00:00   ;     0
07.01.2013 07:00:00   ;     0
08.01.2013 07:00:00   ;     0
09.01.2013 07:00:00   ;     0
10.01.2013 07:00:00   ;     0
11.01.2013 07:00:00   ;     0
12.01.2013 07:00:00   ;     0
13.01.2013 07:00:00   ;     0
14.01.2013 07:00:00   ;    20
15.01.2013 07:00:00   ;    52
16.01.2013 07:00:00   ;    60
17.01.2013 07:00:00   ;    74
18.01.2013 07:00:00   ;    71
19.01.2013 07:00:00   ;    67
20.01.2013 07:00:00   ;    59
21.01.2013 07:00:00   ;    49
22.01.2013 07:00:00   ;    39
23.01.2013 07:00:00   ;    32
24.01.2013 07:00:00   ;    28
25.01.2013 07:00:00   ;    27
26.01.2013 07:00:00   ;    27
27.01.2013 07:00:00   ;    27
28.01.2013 07:00:00   ;    26
29.01.2013 07:00:00   ;    26
30.01.2013 07:00:00   ;    26
31.01.2013 07:00:00   ;    25
01.02.2013 07:00:00   ;    25
02.02.2013 07:00:00   ;    25
03.02.2013 07:00:00   ;    25
04.02.2013 07:00:00   ;    24
05.02.2013 07:00:00   ;    23
06.02.2013 07:00:00   ;    29
07.02.2013 07:00:00   ;    33
08.02.2013 07:00:00   ;    32
09.02.2013 07:00:00   ;    31
10.02.2013 07:00:00   ;    31
11.02.2013 07:00:00   ;    30
12.02.2013 07:00:00   ;    60
13.02.2013 07:00:00   ;    62
14.02.2013 07:00:00   ;    63
15.02.2013 07:00:00   ;    60
16.02.2013 07:00:00   ;    55
17.02.2013 07:00:00   ;    50
18.02.2013 07:00:00   ;    45
19.02.2013 07:00:00   ;    38
20.02.2013 07:00:00   ;    32
21.02.2013 07:00:00   ;    34
22.02.2013 07:00:00   ;    40
23.02.2013 07:00:00   ;    45
24.02.2013 07:00:00   ;    70
25.02.2013 07:00:00   ;    80
26.02.2013 07:00:00   ;    70
27.02.2013 07:00:00   ;    60
28.02.2013 07:00:00   ;    57
01.03.2013 07:00:00   ;    52
02.03.2013 07:00:00   ;    47
03.03.2013 07:00:00   ;    41
04.03.2013 07:00:00   ;    35
05.03.2013 07:00:00   ;    30
06.03.2013 07:00:00   ;    27
07.03.2013 07:00:00   ;    25
08.03.2013 07:00:00   ;    24
09.03.2013 07:00:00   ;    22
10.03.2013 07:00:00   ;    20
11.03.2013 07:00:00   ;    15
12.03.2013 07:00:00   ;    14
13.03.2013 07:00:00   ;    13
14.03.2013 07:00:00   ;    15
15.03.2013 07:00:00   ;    14
16.03.2013 07:00:00   ;    13
17.03.2013 07:00:00   ;    13
18.03.2013 07:00:00   ;    14
19.03.2013 07:00:00   ;    78
20.03.2013 07:00:00   ;    63
21.03.2013 07:00:00   ;    55
22.03.2013 07:00:00   ;    50
23.03.2013 07:00:00   ;    48
24.03.2013 07:00:00   ;    47
25.03.2013 07:00:00   ;    48
26.03.2013 07:00:00   ;    49
27.03.2013 07:00:00   ;    50
28.03.2013 07:00:00   ;    50
29.03.2013 07:00:00   ;    49
30.03.2013 07:00:00   ;    48
31.03.2013 07:00:00   ;    47
01.04.2013 07:00:00   ;    45
02.04.2013 07:00:00   ;    41
03.04.2013 07:00:00   ;    37
04.04.2013 07:00:00   ;    31
05.04.2013 07:00:00   ;    29
06.04.2013 07:00:00   ;    23
07.04.2013 07:00:00   ;    20
08.04.2013 07:00:00   ;    17
09.04.2013 07:00:00   ;    14
10.04.2013 07:00:00   ;    10
11.04.2013 07:00:00   ;     5
12.04.2013 07:00:00   ;     0
13.04.2013 07:00:00   ;     0
14.04.2013 07:00:00   ;     0
15.04.2013 07:00:00   ;     0
16.04.2013 07:00:00   ;     0
17.04.2013 07:00:00   ;     0
18.04.2013 07:00:00   ;     0
19.04.2013 07:00:00   ;     0
20.04.2013 07:00:00   ;     0
21.04.2013 07:00:00   ;     0
22.04.2013 07:00:00   ;     0
23.04.2013 07:00:00   ;     0
24.04.2013 07:00:00   ;     0
25.04.2013 07:00:00   ;     0
26.04.2013 07:00:00   ;     0
27.04.2013 07:00:00   ;     0
28.04.2013 07:00:00   ;     0
29.04.2013 07:00:00   ;     0
30.04.2013 07:00:00   ;     0
01.05.2013 07:00:00   ;     0
02.05.2013 07:00:00   ;     0
03.05.2013 07:00:00   ;     0
04.05.2013 07:00:00   ;     0
05.05.2013 07:00:00   ;     0
06.05.2013 07:00:00   ;     0
07.05.2013 07:00:00   ;     0
08.05.2013 07:00:00   ;     0
09.05.2013 07:00:00   ;     0
10.05.2013 07:00:00   ;     0
11.05.2013 07:00:00   ;     0
12.05.2013 07:00:00   ;     0
13.05.2013 07:00:00   ;     0
14.05.2013 07:00:00   ;     0
15.05.2013 07:00:00   ;     0
16.05.2013 07:00:00   ;     0
17.05.2013 07:00:00   ;     0
18.05.2013 07:00:00   ;     0
19.05.2013 07:00:00   ;     0
20.05.2013 07:00:00   ;     0
21.05.2013 07:00:00   ;     0
22.05.2013 07:00:00   ;     0
23.05.2013 07:00:00   ;     0
24.05.2013 07:00:00   ;     0
25.05.2013 07:00:00   ;     0
26.05.2013 07:00:00   ;     0
27.05.2013 07:00:00   ;     0
28.05.2013 07:00:00   ;     0
29.05.2013 07:00:00   ;     0
30.05.2013 07:00:00   ;     0
31.05.2013 07:00:00   ;     0
01.06.2013 07:00:00   ;     0
02.06.2013 07:00:00   ;     0
03.06.2013 07:00:00   ;     0
04.06.2013 07:00:00   ;     0
05.06.2013 07:00:00   ;     0
06.06.2013 07:00:00   ;     0
07.06.2013 07:00:00   ;     0
08.06.2013 07:00:00   ;     0
09.06.2013 07:00:00   ;     0
10.06.2013 07:00:00   ;     0
11.06.2013 07:00:00   ;     0
12.06.2013 07:00:00   ;     0
13.06.2013 07:00:00   ;     0
14.06.2013 07:00:00   ;     0
15.06.2013 07:00:00   ;     0
16.06.2013 07:00:00   ;     0
17.06.2013 07:00:00   ;     0
18.06.2013 07:00:00   ;     0
19.06.2013 07:00:00   ;     0
20.06.2013 07:00:00   ;     0
21.06.2013 07:00:00   ;     0
22.06.2013 07:00:00   ;     0
23.06.2013 07:00:00   ;     0
24.06.2013 07:00:00   ;     0
25.06.2013 07:00:00   ;     0
26.06.2013 07:00:00   ;     0
27.06.2013 07:00:00   ;     0
28.06.2013 07:00:00   ;     0
29.06.2013 07:00:00   ;     0
30.06.2013 07:00:00   ;     0
01.07.2013 07:00:00   ;     0
02.07.2013 07:00:00   ;     0
03.07.2013 07:00:00   ;     0
04.07.2013 07:00:00   ;     0
05.07.2013 07:00:00   ;     0
06.07.2013 07:00:00   ;     0
07.07.2013 07:00:00   ;     0
08.07.2013 07:00:00   ;     0
09.07.2013 07:00:00   ;     0
10.07.2013 07:00:00   ;     0
11.07.2013 07:00:00   ;     0
12.07.2013 07:00:00   ;     0
13.07.2013 07:00:00   ;     0
14.07.2013 07:00:00   ;     0
15.07.2013 07:00:00   ;     0
16.07.2013 07:00:00   ;     0
17.07.2013 07:00:00   ;     0
18.07.2013 07:00:00   ;     0
19.07.2013 07:00:00   ;     0
20.07.2013 07:00:00   ;     0
21.07.2013 07:00:00   ;     0
22.07.2013 07:00:00   ;     0
23.07.2013 07:00:00   ;     0
24.07.2013 07:00:00   ;     0
25.07.2013 07:00:00   ;     0
26.07.2013 07:00:00   ;     0
27.07.2013 07:00:00   ;     0
28.07.2013 07:00:00   ;     0
29.07.2013 07:00:00   ;     0
30.07.2013 07:00:00   ;     0
31.07.2013 07:00:00   ;     0
01.08.2013 07:00:00   ;     0
02.08.2013 07:00:00   ;     0
03.08.2013 07:00:00   ;     0
04.08.2013 07:00:00   ;     0
05.08.2013 07:00:00   ;     0
06.08.2013 07:00:00   ;     0
07.08.2013 07:00:00   ;     0
08.08.2013 07:00:00   ;     0
09.08.2013 07:00:00   ;     0
10.08.2013 07:00:00   ;     0
11.08.2013 07:00:00   ;     0
12.08.2013 07:00:00   ;     0
13.08.2013 07:00:00   ;     0
14.08.2013 07:00:00   ;     0
15.08.2013 07:00:00   ;     0
16.08.2013 07:00:00   ;     0
17.08.2013 07:00:00   ;     0
18.08.2013 07:00:00   ;     0
19.08.2013 07:00:00   ;     0
20.08.2013 07:00:00   ;     0
21.08.2013 07:00:00   ;     0
22.08.2013 07:00:00   ;     0
23.08.2013 07:00:00   ;     0
24.08.2013 07:00:00   ;     0
25.08.2013 07:00:00   ;     0
26.08.2013 07:00:00   ;     0
27.08.2013 07:00:00   ;     0
28.08.2013 07:00:00   ;     0
29.08.2013 07:00:00   ;     0
30.08.2013 07:00:00   ;     0
31.08.2013 07:00:00   ;     0
01.09.2013 07:00:00   ;     0
02.09.2013 07:00:00   ;     0
03.09.2013 07:00:00   ;     0
04.09.2013 07:00:00   ;     0
05.09.2013 07:00:00   ;     0
06.09.2013 07:00:00   ;     0
07.09.2013 07:00:00   ;     0
08.09.2013 07:00:00   ;     0
09.09.2013 07:00:00   ;     0
10.09.2013 07:00:00   ;     0
11.09.2013 07:00:00   ;     0
12.09.2013 07:00:00   ;     0
13.09.2013 07:00:00   ;     0
14.09.2013 07:00:00   ;     0
15.09.2013 07:00:00   ;     0
16.09.2013 07:00:00   ;     0
17.09.2013 07:00:00   ;     0
18.09.2013 07:00:00   ;     0
19.09.2013 07:00:00   ;     0
20.09.2013 07:00:00   ;     0
21.09.2013 07:00:00   ;     0
22.09.2013 07:00:00   ;     0
23.09.2013 07:00:00   ;     0
24.09.2013 07:00:00   ;     0
25.09.2013 07:00:00   ;     0
26.09.2013 07:00:00   ;     0
27.09.2013 07:00:00   ;     0
28.09.2013 07:00:00   ;     0
29.09.2013 07:00:00   ;     0
30.09.2013 07:00:00   ;     0
01.10.2013 07:00:00   ;     0
02.10.2013 07:00:00   ;     0
03.10.2013 07:00:00   ;     0
04.10.2013 07:00:00   ;     0
05.10.2013 07:00:00   ;     0
06.10.2013 07:00:00   ;     0
07.10.2013 07:00:00   ;     0
08.10.2013 07:00:00   ;     0
09.10.2013 07:00:00   ;     0
10.10.2013 07:00:00   ;     0
11.10.2013 07:00:00   ;     0
12.10.2013 07:00:00   ;     0
13.10.2013 07:00:00   ;     0
14.10.2013 07:00:00   ;     0
15.10.2013 07:00:00   ;     0
16.10.2013 07:00:00   ;     0
17.10.2013 07:00:00   ;     0
18.10.2013 07:00:00   ;     0
19.10.2013 07:00:00   ;     0
20.10.2013 07:00:00   ;     0
21.10.2013 07:00:00   ;     0
22.10.2013 07:00:00   ;     0
23.10.2013 07:00:00   ;     0
24.10.2013 07:00:00   ;     0
25.10.2013 07:00:00   ;     0
26.10.2013 07:00:00   ;     0
27.10.2013 07:00:00   ;     0
28.10.2013 07:00:00   ;     0
29.10.2013 07:00:00   ;     0
30.10.2013 07:00:00   ;     0
31.10.2013 07:00:00   ;     0
01.11.2013 07:00:00   ;     0
02.11.2013 07:00:00   ;     0
03.11.2013 07:00:00   ;     0
04.11.2013 07:00:00   ;     0
05.11.2013 07:00:00   ;     0
06.11.2013 07:00:00   ;     0
07.11.2013 07:00:00   ;     0
08.11.2013 07:00:00   ;     0
09.11.2013 07:00:00   ;     0
10.11.2013 07:00:00   ;     5
11.11.2013 07:00:00   ;     0
12.11.2013 07:00:00   ;     0
13.11.2013 07:00:00   ;     0
14.11.2013 07:00:00   ;     0
15.11.2013 07:00:00   ;     8
16.11.2013 07:00:00   ;     0
17.11.2013 07:00:00   ;     0
18.11.2013 07:00:00   ;     0
19.11.2013 07:00:00   ;     0
20.11.2013 07:00:00   ;     0
21.11.2013 07:00:00   ;     0
22.11.2013 07:00:00   ;    10
23.11.2013 07:00:00   ;    11
24.11.2013 07:00:00   ;     9
25.11.2013 07:00:00   ;     8
26.11.2013 07:00:00   ;     7
27.11.2013 07:00:00   ;     6
28.11.2013 07:00:00   ;     5
29.11.2013 07:00:00   ;     4
30.11.2013 07:00:00   ;     4
01.12.2013 07:00:00   ;     3
02.12.2013 07:00:00   ;     2
03.12.2013 07:00:00   ;     2
04.12.2013 07:00:00   ;     1
05.12.2013 07:00:00   ;     0
06.12.2013 07:00:00   ;     0
07.12.2013 07:00:00   ;     0
08.12.2013 07:00:00   ;     0
09.12.2013 07:00:00   ;     0
10.12.2013 07:00:00   ;     0
11.12.2013 07:00:00   ;     0
12.12.2013 07:00:00   ;     0
13.12.2013 07:00:00   ;     0
14.12.2013 07:00:00   ;     0
15.12.2013 07:00:00   ;     0
16.12.2013 07:00:00   ;     0
17.12.2013 07:00:00   ;     0
18.12.2013 07:00:00   ;     0
19.12.2013 07:00:00   ;     0
20.12.2013 07:00:00   ;     0
21.12.2013 07:00:00   ;     0
22.12.2013 07:00:00   ;     0
23.12.2013 07:00:00   ;     0
24.12.2013 07:00:00   ;     0
25.12.2013 07:00:00   ;     0
26.12.2013 07:00:00   ;     1
27.12.2013 07:00:00   ;    30
28.12.2013 07:00:00   ;    28
29.12.2013 07:00:00   ;    25
30.12.2013 07:00:00   ;    23
31.12.2013 07:00:00   ;    21
01.01.2014 07:00:00   ;    20
02.01.2014 07:00:00   ;    20
03.01.2014 07:00:00   ;    20
04.01.2014 07:00:00   ;    20
05.01.2014 07:00:00   ;    26
06.01.2014 07:00:00   ;    26
07.01.2014 07:00:00   ;    25
08.01.2014 07:00:00   ;    25
09.01.2014 07:00:00   ;    25
10.01.2014 07:00:00   ;    24
11.01.2014 07:00:00   ;    24
12.01.2014 07:00:00   ;    23
13.01.2014 07:00:00   ;    23
14.01.2014 07:00:00   ;    24
15.01.2014 07:00:00   ;    35
16.01.2014 07:00:00   ;    34
17.01.2014 07:00:00   ;    34
18.01.2014 07:00:00   ;    34
19.01.2014 07:00:00   ;    36
20.01.2014 07:00:00   ;    35
21.01.2014 07:00:00   ;    35
22.01.2014 07:00:00   ;    35
23.01.2014 07:00:00   ;    35
24.01.2014 07:00:00   ;    45
25.01.2014 07:00:00   ;    50
26.01.2014 07:00:00   ;    50
27.01.2014 07:00:00   ;    49
28.01.2014 07:00:00   ;    60
29.01.2014 07:00:00   ;    60
30.01.2014 07:00:00   ;    60
31.01.2014 07:00:00   ;   155
01.02.2014 07:00:00   ;   200
02.02.2014 07:00:00   ;   170
03.02.2014 07:00:00   ;   155
04.02.2014 07:00:00   ;   150
05.02.2014 07:00:00   ;   160
06.02.2014 07:00:00   ;   155
07.02.2014 07:00:00   ;   145
08.02.2014 07:00:00   ;   135
09.02.2014 07:00:00   ;   130
10.02.2014 07:00:00   ;   140
11.02.2014 07:00:00   ;   138
12.02.2014 07:00:00   ;   133
13.02.2014 07:00:00   ;   130
14.02.2014 07:00:00   ;   127
15.02.2014 07:00:00   ;   124
16.02.2014 07:00:00   ;   120
17.02.2014 07:00:00   ;   115
18.02.2014 07:00:00   ;   120
19.02.2014 07:00:00   ;   130
20.02.2014 07:00:00   ;   125
21.02.2014 07:00:00   ;   120
22.02.2014 07:00:00   ;   125
23.02.2014 07:00:00   ;   120
24.02.2014 07:00:00   ;   115
25.02.2014 07:00:00   ;   110
26.02.2014 07:00:00   ;   105
27.02.2014 07:00:00   ;   103
28.02.2014 07:00:00   ;   100
01.03.2014 07:00:00   ;    95
02.03.2014 07:00:00   ;   100
03.03.2014 07:00:00   ;    97
04.03.2014 07:00:00   ;    93
05.03.2014 07:00:00   ;    92
06.03.2014 07:00:00   ;    91
07.03.2014 07:00:00   ;    90
08.03.2014 07:00:00   ;    89
09.03.2014 07:00:00   ;    88
10.03.2014 07:00:00   ;    87
11.03.2014 07:00:00   ;    84
12.03.2014 07:00:00   ;    80
13.03.2014 07:00:00   ;    75
14.03.2014 07:00:00   ;    71
15.03.2014 07:00:00   ;    65
16.03.2014 07:00:00   ;    57
17.03.2014 07:00:00   ;    50
18.03.2014 07:00:00   ;    44
19.03.2014 07:00:00   ;    38
20.03.2014 07:00:00   ;    30
21.03.2014 07:00:00   ;    25
22.03.2014 07:00:00   ;    21
23.03.2014 07:00:00   ;    18
24.03.2014 07:00:00   ;    40
25.03.2014 07:00:00   ;    36
26.03.2014 07:00:00   ;    32
27.03.2014 07:00:00   ;    28
28.03.2014 07:00:00   ;    22
29.03.2014 07:00:00   ;    18
30.03.2014 07:00:00   ;    17
31.03.2014 07:00:00   ;    14
01.04.2014 07:00:00   ;    11
02.04.2014 07:00:00   ;     6
03.04.2014 07:00:00   ;     2
04.04.2014 07:00:00   ;     0
05.04.2014 07:00:00   ;     0
06.04.2014 07:00:00   ;     0
07.04.2014 07:00:00   ;     0
08.04.2014 07:00:00   ;     0
09.04.2014 07:00:00   ;     0
10.04.2014 07:00:00   ;     0
11.04.2014 07:00:00   ;     0
12.04.2014 07:00:00   ;     0
13.04.2014 07:00:00   ;     0
14.04.2014 07:00:00   ;     0
15.04.2014 07:00:00   ;     0
16.04.2014 07:00:00   ;     0
17.04.2014 07:00:00   ;     0
18.04.2014 07:00:00   ;     0
19.04.2014 07:00:00   ;     0
20.04.2014 07:00:00   ;     0
21.04.2014 07:00:00   ;     0
22.04.2014 07:00:00   ;     0
23.04.2014 07:00:00   ;     0
24.04.2014 07:00:00   ;     0
25.04.2014 07:00:00   ;     0
26.04.2014 07:00:00   ;     0
27.04.2014 07:00:00   ;     0
28.04.2014 07:00:00   ;     0
29.04.2014 07:00:00   ;     0
30.04.2014 07:00:00   ;     0
01.05.2014 07:00:00   ;     0
02.05.2014 07:00:00   ;     0
03.05.2014 07:00:00   ;     0
04.05.2014 07:00:00   ;     0
05.05.2014 07:00:00   ;     0
06.05.2014 07:00:00   ;     0
07.05.2014 07:00:00   ;     0
08.05.2014 07:00:00   ;     0
09.05.2014 07:00:00   ;     0
10.05.2014 07:00:00   ;     0
11.05.2014 07:00:00   ;     0
12.05.2014 07:00:00   ;     0
13.05.2014 07:00:00   ;     0
14.05.2014 07:00:00   ;     0
15.05.2014 07:00:00   ;     0
16.05.2014 07:00:00   ;     0
17.05.2014 07:00:00   ;     0
18.05.2014 07:00:00   ;     0
19.05.2014 07:00:00   ;     0
20.05.2014 07:00:00   ;     0
21.05.2014 07:00:00   ;     0
22.05.2014 07:00:00   ;     0
23.05.2014 07:00:00   ;     0
24.05.2014 07:00:00   ;     0
25.05.2014 07:00:00   ;     0
26.05.2014 07:00:00   ;     0
27.05.2014 07:00:00   ;     0
28.05.2014 07:00:00   ;     0
29.05.2014 07:00:00   ;     0
30.05.2014 07:00:00   ;     0
31.05.2014 07:00:00   ;     0
01.06.2014 07:00:00   ;     0
02.06.2014 07:00:00   ;     0
03.06.2014 07:00:00   ;     0
04.06.2014 07:00:00   ;     0
05.06.2014 07:00:00   ;     0
06.06.2014 07:00:00   ;     0
07.06.2014 07:00:00   ;     0
08.06.2014 07:00:00   ;     0
09.06.2014 07:00:00   ;     0
10.06.2014 07:00:00   ;     0
11.06.2014 07:00:00   ;     0
12.06.2014 07:00:00   ;     0
13.06.2014 07:00:00   ;     0
14.06.2014 07:00:00   ;     0
15.06.2014 07:00:00   ;     0
16.06.2014 07:00:00   ;     0
17.06.2014 07:00:00   ;     0
18.06.2014 07:00:00   ;     0
19.06.2014 07:00:00   ;     0
20.06.2014 07:00:00   ;     0
21.06.2014 07:00:00   ;     0
22.06.2014 07:00:00   ;     0
23.06.2014 07:00:00   ;     0
24.06.2014 07:00:00   ;     0
25.06.2014 07:00:00   ;     0
26.06.2014 07:00:00   ;     0
27.06.2014 07:00:00   ;     0
28.06.2014 07:00:00   ;     0
29.06.2014 07:00:00   ;     0
30.06.2014 07:00:00   ;     0
01.07.2014 07:00:00   ;     0
02.07.2014 07:00:00   ;     0
03.07.2014 07:00:00   ;     0
04.07.2014 07:00:00   ;     0
05.07.2014 07:00:00   ;     0
06.07.2014 07:00:00   ;     0
07.07.2014 07:00:00   ;     0
08.07.2014 07:00:00   ;     0
09.07.2014 07:00:00   ;     0
10.07.2014 07:00:00   ;     0
11.07.2014 07:00:00   ;     0
12.07.2014 07:00:00   ;     0
13.07.2014 07:00:00   ;     0
14.07.2014 07:00:00   ;     0
15.07.2014 07:00:00   ;     0
16.07.2014 07:00:00   ;     0
17.07.2014 07:00:00   ;     0
18.07.2014 07:00:00   ;     0
19.07.2014 07:00:00   ;     0
20.07.2014 07:00:00   ;     0
21.07.2014 07:00:00   ;     0
22.07.2014 07:00:00   ;     0
23.07.2014 07:00:00   ;     0
24.07.2014 07:00:00   ;     0
25.07.2014 07:00:00   ;     0
26.07.2014 07:00:00   ;     0
27.07.2014 07:00:00   ;     0
28.07.2014 07:00:00   ;     0
29.07.2014 07:00:00   ;     0
30.07.2014 07:00:00   ;     0
31.07.2014 07:00:00   ;     0
01.08.2014 07:00:00   ;     0
02.08.2014 07:00:00   ;     0
03.08.2014 07:00:00   ;     0
04.08.2014 07:00:00   ;     0
05.08.2014 07:00:00   ;     0
06.08.2014 07:00:00   ;     0
07.08.2014 07:00:00   ;     0
08.08.2014 07:00:00   ;     0
09.08.2014 07:00:00   ;     0
10.08.2014 07:00:00   ;     0
11.08.2014 07:00:00   ;     0
12.08.2014 07:00:00   ;     0
13.08.2014 07:00:00   ;     0
14.08.2014 07:00:00   ;     0
15.08.2014 07:00:00   ;     0
16.08.2014 07:00:00   ;     0
17.08.2014 07:00:00   ;     0
18.08.2014 07:00:00   ;     0
19.08.2014 07:00:00   ;     0
20.08.2014 07:00:00   ;     0
21.08.2014 07:00:00   ;     0
22.08.2014 07:00:00   ;     0
23.08.2014 07:00:00   ;     0
24.08.2014 07:00:00   ;     0
25.08.2014 07:00:00   ;     0
26.08.2014 07:00:00   ;     0
27.08.2014 07:00:00   ;     0
28.08.2014 07:00:00   ;     0
29.08.2014 07:00:00   ;     0
30.08.2014 07:00:00   ;     0
31.08.2014 07:00:00   ;     0
01.09.2014 07:00:00   ;     0
02.09.2014 07:00:00   ;     0
03.09.2014 07:00:00   ;     0
04.09.2014 07:00:00   ;     0
05.09.2014 07:00:00   ;     0
06.09.2014 07:00:00   ;     0
07.09.2014 07:00:00   ;     0
08.09.2014 07:00:00   ;     0
09.09.2014 07:00:00   ;     0
10.09.2014 07:00:00   ;     0
11.09.2014 07:00:00   ;     0
12.09.2014 07:00:00   ;     0
13.09.2014 07:00:00   ;     0
14.09.2014 07:00:00   ;     0
15.09.2014 07:00:00   ;     0
16.09.2014 07:00:00   ;     0
17.09.2014 07:00:00   ;     0
18.09.2014 07:00:00   ;     0
19.09.2014 07:00:00   ;     0
20.09.2014 07:00:00   ;     0
21.09.2014 07:00:00   ;     0
22.09.2014 07:00:00   ;     0
23.09.2014 07:00:00   ;     0
24.09.2014 07:00:00   ;     0
25.09.2014 07:00:00   ;     0
26.09.2014 07:00:00   ;     0
27.09.2014 07:00:00   ;     0
28.09.2014 07:00:00   ;     0
29.09.2014 07:00:00   ;     0
30.09.2014 07:00:00   ;     0
01.10.2014 07:00:00   ;     0
02.10.2014 07:00:00   ;     0
03.10.2014 07:00:00   ;     0
04.10.2014 07:00:00   ;     0
05.10.2014 07:00:00   ;     0
06.10.2014 07:00:00   ;     0
07.10.2014 07:00:00   ;     0
08.10.2014 07:00:00   ;     0
09.10.2014 07:00:00   ;     0
10.10.2014 07:00:00   ;     0
11.10.2014 07:00:00   ;     0
12.10.2014 07:00:00   ;     0
13.10.2014 07:00:00   ;     0
14.10.2014 07:00:00   ;     0
15.10.2014 07:00:00   ;     0
16.10.2014 07:00:00   ;     0
17.10.2014 07:00:00   ;     0
18.10.2014 07:00:00   ;     0
19.10.2014 07:00:00   ;     0
20.10.2014 07:00:00   ;     0
21.10.2014 07:00:00   ;     0
22.10.2014 07:00:00   ;     0
23.10.2014 07:00:00   ;     0
24.10.2014 07:00:00   ;     0
25.10.2014 07:00:00   ;     0
26.10.2014 07:00:00   ;     0
27.10.2014 07:00:00   ;     0
28.10.2014 07:00:00   ;     0
29.10.2014 07:00:00   ;     0
30.10.2014 07:00:00   ;     0
31.10.2014 07:00:00   ;     0
01.11.2014 07:00:00   ;     0
02.11.2014 07:00:00   ;     0
03.11.2014 07:00:00   ;     0
04.11.2014 07:00:00   ;     0
05.11.2014 07:00:00   ;     0
06.11.2014 07:00:00   ;     0
07.11.2014 07:00:00   ;     0
08.11.2014 07:00:00   ;     0
09.11.2014 07:00:00   ;     0
10.11.2014 07:00:00   ;     0
11.11.2014 07:00:00   ;     0
12.11.2014 07:00:00   ;     0
13.11.2014 07:00:00   ;     0
14.11.2014 07:00:00   ;     0
15.11.2014 07:00:00   ;     0
16.11.2014 07:00:00   ;     0
17.11.2014 07:00:00   ;     0
18.11.2014 07:00:00   ;    10
19.11.2014 07:00:00   ;     5
20.11.2014 07:00:00   ;     0
21.11.2014 07:00:00   ;     0
22.11.2014 07:00:00   ;     0
23.11.2014 07:00:00   ;     0
24.11.2014 07:00:00   ;     0
25.11.2014 07:00:00   ;     0
26.11.2014 07:00:00   ;     0
27.11.2014 07:00:00   ;     0
28.11.2014 07:00:00   ;     0
29.11.2014 07:00:00   ;     0
30.11.2014 07:00:00   ;     0
01.12.2014 07:00:00   ;     0
02.12.2014 07:00:00   ;     0
03.12.2014 07:00:00   ;     1
04.12.2014 07:00:00   ;    35
05.12.2014 07:00:00   ;    30
06.12.2014 07:00:00   ;    25
07.12.2014 07:00:00   ;    20
08.12.2014 07:00:00   ;    19
09.12.2014 07:00:00   ;    18
10.12.2014 07:00:00   ;    17
11.12.2014 07:00:00   ;    16
12.12.2014 07:00:00   ;    15
13.12.2014 07:00:00   ;    14
14.12.2014 07:00:00   ;    13
15.12.2014 07:00:00   ;    12
16.12.2014 07:00:00   ;    10
17.12.2014 07:00:00   ;     8
18.12.2014 07:00:00   ;     6
19.12.2014 07:00:00   ;     4
20.12.2014 07:00:00   ;     2
21.12.2014 07:00:00   ;     0
22.12.2014 07:00:00   ;     0
23.12.2014 07:00:00   ;     0
24.12.2014 07:00:00   ;     0
25.12.2014 07:00:00   ;     0
26.12.2014 07:00:00   ;     0
27.12.2014 07:00:00   ;     0
28.12.2014 07:00:00   ;    10
29.12.2014 07:00:00   ;     9
30.12.2014 07:00:00   ;     9
31.12.2014 07:00:00   ;    10
01.01.2015 07:00:00   ;     9
02.01.2015 07:00:00   ;     7
03.01.2015 07:00:00   ;     5
04.01.2015 07:00:00   ;     4
05.01.2015 07:00:00   ;     4
06.01.2015 07:00:00   ;     3
07.01.2015 07:00:00   ;     2
08.01.2015 07:00:00   ;     1
09.01.2015 07:00:00   ;     0
10.01.2015 07:00:00   ;     0
11.01.2015 07:00:00   ;     0
12.01.2015 07:00:00   ;     0
13.01.2015 07:00:00   ;     0
14.01.2015 07:00:00   ;     0
15.01.2015 07:00:00   ;     0
16.01.2015 07:00:00   ;     0
17.01.2015 07:00:00   ;     0
18.01.2015 07:00:00   ;     3
19.01.2015 07:00:00   ;     1
20.01.2015 07:00:00   ;     0
21.01.2015 07:00:00   ;     0
22.01.2015 07:00:00   ;     7
23.01.2015 07:00:00   ;     3
24.01.2015 07:00:00   ;     0
25.01.2015 07:00:00   ;     0
26.01.2015 07:00:00   ;     0
27.01.2015 07:00:00   ;     0
28.01.2015 07:00:00   ;     0
29.01.2015 07:00:00   ;     0
30.01.2015 07:00:00   ;     3
31.01.2015 07:00:00   ;    17
01.02.2015 07:00:00   ;    16
02.02.2015 07:00:00   ;    15
03.02.2015 07:00:00   ;    14
04.02.2015 07:00:00   ;    14
05.02.2015 07:00:00   ;    13
06.02.2015 07:00:00   ;    32
07.02.2015 07:00:00   ;    40
08.02.2015 07:00:00   ;    36
09.02.2015 07:00:00   ;    31
10.02.2015 07:00:00   ;    25
11.02.2015 07:00:00   ;    23
12.02.2015 07:00:00   ;    22
13.02.2015 07:00:00   ;    21
14.02.2015 07:00:00   ;    19
15.02.2015 07:00:00   ;    17
16.02.2015 07:00:00   ;    15
17.02.2015 07:00:00   ;    13
18.02.2015 07:00:00   ;    11
19.02.2015 07:00:00   ;     9
20.02.2015 07:00:00   ;     7
21.02.2015 07:00:00   ;     5
22.02.2015 07:00:00   ;     4
23.02.2015 07:00:00   ;     4
24.02.2015 07:00:00   ;     3
25.02.2015 07:00:00   ;    10
26.02.2015 07:00:00   ;     6
27.02.2015 07:00:00   ;     3
28.02.2015 07:00:00   ;     0
01.03.2015 07:00:00   ;     0
02.03.2015 07:00:00   ;     0
03.03.2015 07:00:00   ;     0
04.03.2015 07:00:00   ;     0
05.03.2015 07:00:00   ;     0
06.03.2015 07:00:00   ;     0
07.03.2015 07:00:00   ;     0
08.03.2015 07:00:00   ;     0
09.03.2015 07:00:00   ;     0
10.03.2015 07:00:00   ;     0
11.03.2015 07:00:00   ;     0
12.03.2015 07:00:00   ;     0
13.03.2015 07:00:00   ;     0
14.03.2015 07:00:00   ;     0
15.03.2015 07:00:00   ;     0
16.03.2015 07:00:00   ;     0
17.03.2015 07:00:00   ;     0
18.03.2015 07:00:00   ;     0
19.03.2015 07:00:00   ;     0
20.03.2015 07:00:00   ;     0
21.03.2015 07:00:00   ;     0
22.03.2015 07:00:00   ;     0
23.03.2015 07:00:00   ;     0
24.03.2015 07:00:00   ;     0
25.03.2015 07:00:00   ;     0
26.03.2015 07:00:00   ;     0
27.03.2015 07:00:00   ;     0
28.03.2015 07:00:00   ;     0
29.03.2015 07:00:00   ;     0
30.03.2015 07:00:00   ;     0
31.03.2015 07:00:00   ;     0
01.04.2015 07:00:00   ;     0
02.04.2015 07:00:00   ;     0
03.04.2015 07:00:00   ;     0
04.04.2015 07:00:00   ;     0
05.04.2015 07:00:00   ;     0
06.04.2015 07:00:00   ;     0
07.04.2015 07:00:00   ;     0
08.04.2015 07:00:00   ;     0
09.04.2015 07:00:00   ;     0
10.04.2015 07:00:00   ;     0
11.04.2015 07:00:00   ;     0
12.04.2015 07:00:00   ;     0
13.04.2015 07:00:00   ;     0
14.04.2015 07:00:00   ;     0
15.04.2015 07:00:00   ;     0
16.04.2015 07:00:00   ;     0
17.04.2015 07:00:00   ;     0
18.04.2015 07:00:00   ;     0
19.04.2015 07:00:00   ;     0
20.04.2015 07:00:00   ;     0
21.04.2015 07:00:00   ;     0
22.04.2015 07:00:00   ;     0
23.04.2015 07:00:00   ;     0
24.04.2015 07:00:00   ;     0
25.04.2015 07:00:00   ;     0
26.04.2015 07:00:00   ;     0
27.04.2015 07:00:00   ;     0
28.04.2015 07:00:00   ;     0
29.04.2015 07:00:00   ;     0
30.04.2015 07:00:00   ;     0
01.05.2015 07:00:00   ;     0
02.05.2015 07:00:00   ;     0
03.05.2015 07:00:00   ;     0
04.05.2015 07:00:00   ;     0
05.05.2015 07:00:00   ;     0
06.05.2015 07:00:00   ;     0
07.05.2015 07:00:00   ;     0
08.05.2015 07:00:00   ;     0
09.05.2015 07:00:00   ;     0
10.05.2015 07:00:00   ;     0
11.05.2015 07:00:00   ;     0
12.05.2015 07:00:00   ;     0
13.05.2015 07:00:00   ;     0
14.05.2015 07:00:00   ;     0
15.05.2015 07:00:00   ;     0
16.05.2015 07:00:00   ;     0
17.05.2015 07:00:00   ;     0
18.05.2015 07:00:00   ;     0
19.05.2015 07:00:00   ;     0
20.05.2015 07:00:00   ;     0
21.05.2015 07:00:00   ;     0
22.05.2015 07:00:00   ;     0
23.05.2015 07:00:00   ;     0
24.05.2015 07:00:00   ;     0
25.05.2015 07:00:00   ;     0
26.05.2015 07:00:00   ;     0
27.05.2015 07:00:00   ;     0
28.05.2015 07:00:00   ;     0
29.05.2015 07:00:00   ;     0
30.05.2015 07:00:00   ;     0
31.05.2015 07:00:00   ;     0
01.06.2015 07:00:00   ;     0
02.06.2015 07:00:00   ;     0
03.06.2015 07:00:00   ;     0
04.06.2015 07:00:00   ;     0
05.06.2015 07:00:00   ;     0
06.06.2015 07:00:00   ;     0
07.06.2015 07:00:00   ;     0
08.06.2015 07:00:00   ;     0
09.06.2015 07:00:00   ;     0
10.06.2015 07:00:00   ;     0
11.06.2015 07:00:00   ;     0
12.06.2015 07:00:00   ;     0
13.06.2015 07:00:00   ;     0
14.06.2015 07:00:00   ;     0
15.06.2015 07:00:00   ;     0
16.06.2015 07:00:00   ;     0
17.06.2015 07:00:00   ;     0
18.06.2015 07:00:00   ;     0
19.06.2015 07:00:00   ;     0
20.06.2015 07:00:00   ;     0
21.06.2015 07:00:00   ;     0
22.06.2015 07:00:00   ;     0
23.06.2015 07:00:00   ;     0
24.06.2015 07:00:00   ;     0
25.06.2015 07:00:00   ;     0
26.06.2015 07:00:00   ;     0
27.06.2015 07:00:00   ;     0
28.06.2015 07:00:00   ;     0
29.06.2015 07:00:00   ;     0
30.06.2015 07:00:00   ;     0
01.07.2015 07:00:00   ;     0
02.07.2015 07:00:00   ;     0
03.07.2015 07:00:00   ;     0
04.07.2015 07:00:00   ;     0
05.07.2015 07:00:00   ;     0
06.07.2015 07:00:00   ;     0
07.07.2015 07:00:00   ;     0
08.07.2015 07:00:00   ;     0
09.07.2015 07:00:00   ;     0
10.07.2015 07:00:00   ;     0
11.07.2015 07:00:00   ;     0
12.07.2015 07:00:00   ;     0
13.07.2015 07:00:00   ;     0
14.07.2015 07:00:00   ;     0
15.07.2015 07:00:00   ;     0
16.07.2015 07:00:00   ;     0
17.07.2015 07:00:00   ;     0
18.07.2015 07:00:00   ;     0
19.07.2015 07:00:00   ;     0
20.07.2015 07:00:00   ;     0
21.07.2015 07:00:00   ;     0
22.07.2015 07:00:00   ;     0
23.07.2015 07:00:00   ;     0
24.07.2015 07:00:00   ;     0
25.07.2015 07:00:00   ;     0
26.07.2015 07:00:00   ;     0
27.07.2015 07:00:00   ;     0
28.07.2015 07:00:00   ;     0
29.07.2015 07:00:00   ;     0
30.07.2015 07:00:00   ;     0
31.07.2015 07:00:00   ;     0
01.08.2015 07:00:00   ;     0
02.08.2015 07:00:00   ;     0
03.08.2015 07:00:00   ;     0
04.08.2015 07:00:00   ;     0
05.08.2015 07:00:00   ;     0
06.08.2015 07:00:00   ;     0
07.08.2015 07:00:00   ;     0
08.08.2015 07:00:00   ;     0
09.08.2015 07:00:00   ;     0
10.08.2015 07:00:00   ;     0
11.08.2015 07:00:00   ;     0
12.08.2015 07:00:00   ;     0
13.08.2015 07:00:00   ;     0
14.08.2015 07:00:00   ;     0
15.08.2015 07:00:00   ;     0
16.08.2015 07:00:00   ;     0
17.08.2015 07:00:00   ;     0
18.08.2015 07:00:00   ;     0
19.08.2015 07:00:00   ;     0
20.08.2015 07:00:00   ;     0
21.08.2015 07:00:00   ;     0
22.08.2015 07:00:00   ;     0
23.08.2015 07:00:00   ;     0
24.08.2015 07:00:00   ;     0
25.08.2015 07:00:00   ;     0
26.08.2015 07:00:00   ;     0
27.08.2015 07:00:00   ;     0
28.08.2015 07:00:00   ;     0
29.08.2015 07:00:00   ;     0
30.08.2015 07:00:00   ;     0
31.08.2015 07:00:00   ;     0
01.09.2015 07:00:00   ;Lücke
